-- MySQL dump 10.13  Distrib 8.0.34, for Win64 (x86_64)
--
-- Host: localhost    Database: django_web
-- ------------------------------------------------------
-- Server version	8.0.34

/*!40101 SET @OLD_CHARACTER_SET_CLIENT=@@CHARACTER_SET_CLIENT */;
/*!40101 SET @OLD_CHARACTER_SET_RESULTS=@@CHARACTER_SET_RESULTS */;
/*!40101 SET @OLD_COLLATION_CONNECTION=@@COLLATION_CONNECTION */;
/*!50503 SET NAMES utf8mb4 */;
/*!40103 SET @OLD_TIME_ZONE=@@TIME_ZONE */;
/*!40103 SET TIME_ZONE='+00:00' */;
/*!40014 SET @OLD_UNIQUE_CHECKS=@@UNIQUE_CHECKS, UNIQUE_CHECKS=0 */;
/*!40014 SET @OLD_FOREIGN_KEY_CHECKS=@@FOREIGN_KEY_CHECKS, FOREIGN_KEY_CHECKS=0 */;
/*!40101 SET @OLD_SQL_MODE=@@SQL_MODE, SQL_MODE='NO_AUTO_VALUE_ON_ZERO' */;
/*!40111 SET @OLD_SQL_NOTES=@@SQL_NOTES, SQL_NOTES=0 */;

--
-- Table structure for table `age`
--

DROP TABLE IF EXISTS `age`;
/*!40101 SET @saved_cs_client     = @@character_set_client */;
/*!50503 SET character_set_client = utf8mb4 */;
CREATE TABLE `age` (
  `id` bigint NOT NULL AUTO_INCREMENT,
  `age` varchar(255) NOT NULL,
  PRIMARY KEY (`id`)
) ENGINE=InnoDB AUTO_INCREMENT=4 DEFAULT CHARSET=utf8mb4 COLLATE=utf8mb4_0900_ai_ci;
/*!40101 SET character_set_client = @saved_cs_client */;

--
-- Dumping data for table `age`
--

LOCK TABLES `age` WRITE;
/*!40000 ALTER TABLE `age` DISABLE KEYS */;
INSERT INTO `age` VALUES (1,'Mới 100%'),(2,'Cũ'),(3,'Trên Máy');
/*!40000 ALTER TABLE `age` ENABLE KEYS */;
UNLOCK TABLES;

--
-- Table structure for table `auth_group`
--

DROP TABLE IF EXISTS `auth_group`;
/*!40101 SET @saved_cs_client     = @@character_set_client */;
/*!50503 SET character_set_client = utf8mb4 */;
CREATE TABLE `auth_group` (
  `id` int NOT NULL AUTO_INCREMENT,
  `name` varchar(150) NOT NULL,
  PRIMARY KEY (`id`),
  UNIQUE KEY `name` (`name`)
) ENGINE=InnoDB DEFAULT CHARSET=utf8mb4 COLLATE=utf8mb4_0900_ai_ci;
/*!40101 SET character_set_client = @saved_cs_client */;

--
-- Dumping data for table `auth_group`
--

LOCK TABLES `auth_group` WRITE;
/*!40000 ALTER TABLE `auth_group` DISABLE KEYS */;
/*!40000 ALTER TABLE `auth_group` ENABLE KEYS */;
UNLOCK TABLES;

--
-- Table structure for table `auth_group_permissions`
--

DROP TABLE IF EXISTS `auth_group_permissions`;
/*!40101 SET @saved_cs_client     = @@character_set_client */;
/*!50503 SET character_set_client = utf8mb4 */;
CREATE TABLE `auth_group_permissions` (
  `id` bigint NOT NULL AUTO_INCREMENT,
  `group_id` int NOT NULL,
  `permission_id` int NOT NULL,
  PRIMARY KEY (`id`),
  UNIQUE KEY `auth_group_permissions_group_id_permission_id_0cd325b0_uniq` (`group_id`,`permission_id`),
  KEY `auth_group_permissio_permission_id_84c5c92e_fk_auth_perm` (`permission_id`),
  CONSTRAINT `auth_group_permissio_permission_id_84c5c92e_fk_auth_perm` FOREIGN KEY (`permission_id`) REFERENCES `auth_permission` (`id`),
  CONSTRAINT `auth_group_permissions_group_id_b120cbf9_fk_auth_group_id` FOREIGN KEY (`group_id`) REFERENCES `auth_group` (`id`)
) ENGINE=InnoDB DEFAULT CHARSET=utf8mb4 COLLATE=utf8mb4_0900_ai_ci;
/*!40101 SET character_set_client = @saved_cs_client */;

--
-- Dumping data for table `auth_group_permissions`
--

LOCK TABLES `auth_group_permissions` WRITE;
/*!40000 ALTER TABLE `auth_group_permissions` DISABLE KEYS */;
/*!40000 ALTER TABLE `auth_group_permissions` ENABLE KEYS */;
UNLOCK TABLES;

--
-- Table structure for table `auth_permission`
--

DROP TABLE IF EXISTS `auth_permission`;
/*!40101 SET @saved_cs_client     = @@character_set_client */;
/*!50503 SET character_set_client = utf8mb4 */;
CREATE TABLE `auth_permission` (
  `id` int NOT NULL AUTO_INCREMENT,
  `name` varchar(255) NOT NULL,
  `content_type_id` int NOT NULL,
  `codename` varchar(100) NOT NULL,
  PRIMARY KEY (`id`),
  UNIQUE KEY `auth_permission_content_type_id_codename_01ab375a_uniq` (`content_type_id`,`codename`),
  CONSTRAINT `auth_permission_content_type_id_2f476e4b_fk_django_co` FOREIGN KEY (`content_type_id`) REFERENCES `django_content_type` (`id`)
) ENGINE=InnoDB AUTO_INCREMENT=109 DEFAULT CHARSET=utf8mb4 COLLATE=utf8mb4_0900_ai_ci;
/*!40101 SET character_set_client = @saved_cs_client */;

--
-- Dumping data for table `auth_permission`
--

LOCK TABLES `auth_permission` WRITE;
/*!40000 ALTER TABLE `auth_permission` DISABLE KEYS */;
INSERT INTO `auth_permission` VALUES (1,'Can add log entry',1,'add_logentry'),(2,'Can change log entry',1,'change_logentry'),(3,'Can delete log entry',1,'delete_logentry'),(4,'Can view log entry',1,'view_logentry'),(5,'Can add permission',2,'add_permission'),(6,'Can change permission',2,'change_permission'),(7,'Can delete permission',2,'delete_permission'),(8,'Can view permission',2,'view_permission'),(9,'Can add group',3,'add_group'),(10,'Can change group',3,'change_group'),(11,'Can delete group',3,'delete_group'),(12,'Can view group',3,'view_group'),(13,'Can add content type',4,'add_contenttype'),(14,'Can change content type',4,'change_contenttype'),(15,'Can delete content type',4,'delete_contenttype'),(16,'Can view content type',4,'view_contenttype'),(17,'Can add session',5,'add_session'),(18,'Can change session',5,'change_session'),(19,'Can delete session',5,'delete_session'),(20,'Can view session',5,'view_session'),(21,'Can add user',6,'add_user'),(22,'Can change user',6,'change_user'),(23,'Can delete user',6,'delete_user'),(24,'Can view user',6,'view_user'),(25,'Can add age',7,'add_age'),(26,'Can change age',7,'change_age'),(27,'Can delete age',7,'delete_age'),(28,'Can view age',7,'view_age'),(29,'Can add brand',8,'add_brand'),(30,'Can change brand',8,'change_brand'),(31,'Can delete brand',8,'delete_brand'),(32,'Can view brand',8,'view_brand'),(33,'Can add card',9,'add_card'),(34,'Can change card',9,'change_card'),(35,'Can delete card',9,'delete_card'),(36,'Can view card',9,'view_card'),(37,'Can add category',10,'add_category'),(38,'Can change category',10,'change_category'),(39,'Can delete category',10,'delete_category'),(40,'Can view category',10,'view_category'),(41,'Can add cpu',11,'add_cpu'),(42,'Can change cpu',11,'change_cpu'),(43,'Can delete cpu',11,'delete_cpu'),(44,'Can view cpu',11,'view_cpu'),(45,'Can add detail',12,'add_detail'),(46,'Can change detail',12,'change_detail'),(47,'Can delete detail',12,'delete_detail'),(48,'Can view detail',12,'view_detail'),(49,'Can add discount',13,'add_discount'),(50,'Can change discount',13,'change_discount'),(51,'Can delete discount',13,'delete_discount'),(52,'Can view discount',13,'view_discount'),(53,'Can add harddrive',14,'add_harddrive'),(54,'Can change harddrive',14,'change_harddrive'),(55,'Can delete harddrive',14,'delete_harddrive'),(56,'Can view harddrive',14,'view_harddrive'),(57,'Can add image',15,'add_image'),(58,'Can change image',15,'change_image'),(59,'Can delete image',15,'delete_image'),(60,'Can view image',15,'view_image'),(61,'Can add loai',16,'add_loai'),(62,'Can change loai',16,'change_loai'),(63,'Can delete loai',16,'delete_loai'),(64,'Can view loai',16,'view_loai'),(65,'Can add product',17,'add_product'),(66,'Can change product',17,'change_product'),(67,'Can delete product',17,'delete_product'),(68,'Can view product',17,'view_product'),(69,'Can add status',18,'add_status'),(70,'Can change status',18,'change_status'),(71,'Can delete status',18,'delete_status'),(72,'Can view status',18,'view_status'),(73,'Can add thanh pho',19,'add_thanhpho'),(74,'Can change thanh pho',19,'change_thanhpho'),(75,'Can delete thanh pho',19,'delete_thanhpho'),(76,'Can view thanh pho',19,'view_thanhpho'),(77,'Can add ram',20,'add_ram'),(78,'Can change ram',20,'change_ram'),(79,'Can delete ram',20,'delete_ram'),(80,'Can view ram',20,'view_ram'),(81,'Can add quan huyen',21,'add_quanhuyen'),(82,'Can change quan huyen',21,'change_quanhuyen'),(83,'Can delete quan huyen',21,'delete_quanhuyen'),(84,'Can view quan huyen',21,'view_quanhuyen'),(85,'Can add phuong xa',22,'add_phuongxa'),(86,'Can change phuong xa',22,'change_phuongxa'),(87,'Can delete phuong xa',22,'delete_phuongxa'),(88,'Can view phuong xa',22,'view_phuongxa'),(89,'Can add order',23,'add_order'),(90,'Can change order',23,'change_order'),(91,'Can delete order',23,'delete_order'),(92,'Can view order',23,'view_order'),(93,'Can add man hinh',24,'add_manhinh'),(94,'Can change man hinh',24,'change_manhinh'),(95,'Can delete man hinh',24,'delete_manhinh'),(96,'Can view man hinh',24,'view_manhinh'),(97,'Can add laptop',25,'add_laptop'),(98,'Can change laptop',25,'change_laptop'),(99,'Can delete laptop',25,'delete_laptop'),(100,'Can view laptop',25,'view_laptop'),(101,'Can add feedback',26,'add_feedback'),(102,'Can change feedback',26,'change_feedback'),(103,'Can delete feedback',26,'delete_feedback'),(104,'Can view feedback',26,'view_feedback'),(105,'Can add chitietdonhang',27,'add_chitietdonhang'),(106,'Can change chitietdonhang',27,'change_chitietdonhang'),(107,'Can delete chitietdonhang',27,'delete_chitietdonhang'),(108,'Can view chitietdonhang',27,'view_chitietdonhang');
/*!40000 ALTER TABLE `auth_permission` ENABLE KEYS */;
UNLOCK TABLES;

--
-- Table structure for table `brand`
--

DROP TABLE IF EXISTS `brand`;
/*!40101 SET @saved_cs_client     = @@character_set_client */;
/*!50503 SET character_set_client = utf8mb4 */;
CREATE TABLE `brand` (
  `id` bigint NOT NULL AUTO_INCREMENT,
  `brand` varchar(30) NOT NULL,
  `image` varchar(255) DEFAULT NULL,
  PRIMARY KEY (`id`)
) ENGINE=InnoDB AUTO_INCREMENT=25 DEFAULT CHARSET=utf8mb4 COLLATE=utf8mb4_0900_ai_ci;
/*!40101 SET character_set_client = @saved_cs_client */;

--
-- Dumping data for table `brand`
--

LOCK TABLES `brand` WRITE;
/*!40000 ALTER TABLE `brand` DISABLE KEYS */;
INSERT INTO `brand` VALUES (1,'Asus','https://inkythuatso.com/uploads/thumbnails/800/2021/11/logo-asus-inkythuatso-2-01-26-09-21-11.jpg'),(2,'Dell','https://inkythuatso.com/uploads/images/2021/10/dell-logo-inkythuatso-4-01-30-10-17-55.jpg'),(3,'HP','https://inkythuatso.com/uploads/thumbnails/800/2021/11/logo-hp-inkythuatso-3-01-26-10-51-17.jpg'),(4,'Acer',NULL),(5,'Lenovo','https://cdn.tgdd.vn/Files/2021/06/11/1359402/lenovo_1280x720-800-resize.jpg'),(6,'LG',NULL),(7,'GIGABYTE',NULL),(8,'Samsung',NULL),(9,'Huawei',NULL),(10,'Apple',NULL),(11,'AMD','https://upload.wikimedia.org/wikipedia/commons/thumb/7/7c/AMD_Logo.svg/1200px-AMD_Logo.svg.png'),(12,'Intel','https://inkythuatso.com/uploads/images/2021/12/intel-logo-inkythuatso-2-01-02-11-05-43.jpg'),(13,'TeamGroup Elite',NULL),(14,'Kingmax',NULL),(15,'Kingston',NULL),(16,'Crucial',NULL),(17,'Patriot',NULL),(18,'Micron',NULL),(19,'ADATA',NULL),(20,'PNY',NULL),(21,'SK Hynix',NULL),(22,'WD Blue',NULL),(23,'Seagate',NULL),(24,'Viewsonic',NULL);
/*!40000 ALTER TABLE `brand` ENABLE KEYS */;
UNLOCK TABLES;

--
-- Table structure for table `card`
--

DROP TABLE IF EXISTS `card`;
/*!40101 SET @saved_cs_client     = @@character_set_client */;
/*!50503 SET character_set_client = utf8mb4 */;
CREATE TABLE `card` (
  `id` bigint NOT NULL AUTO_INCREMENT,
  `chip` varchar(30) DEFAULT NULL,
  `memory` varchar(30) DEFAULT NULL,
  `connector` varchar(30) DEFAULT NULL,
  `socketsupport` varchar(30) DEFAULT NULL,
  `psu` varchar(30) DEFAULT NULL,
  `image_id` bigint DEFAULT NULL,
  `product_id` bigint NOT NULL,
  PRIMARY KEY (`id`),
  UNIQUE KEY `product_id` (`product_id`),
  UNIQUE KEY `image_id` (`image_id`),
  CONSTRAINT `Card_image_id_4b97d7d0_fk_Image_id` FOREIGN KEY (`image_id`) REFERENCES `image` (`id`),
  CONSTRAINT `Card_product_id_56a44f8b_fk_Product_id` FOREIGN KEY (`product_id`) REFERENCES `product` (`id`)
) ENGINE=InnoDB AUTO_INCREMENT=67 DEFAULT CHARSET=utf8mb4 COLLATE=utf8mb4_0900_ai_ci;
/*!40101 SET character_set_client = @saved_cs_client */;

--
-- Dumping data for table `card`
--

LOCK TABLES `card` WRITE;
/*!40000 ALTER TABLE `card` DISABLE KEYS */;
INSERT INTO `card` VALUES (1,'RTX 3060','8GB GDDR6','HDMI + DVI + Display Port',NULL,'650W',262,85),(2,'GTX 1650','4GB GDDR6','HDMI,DVI,Display',NULL,'300W',265,86),(3,'GT 710','1GB GDDR5','DVI+HDMI',NULL,'300W',268,87),(4,'GTX 1660 Super','6GB GDDR6 (192-bit)','HDMI + DVI + Display Port','8pin','450W',271,88),(5,'GTX 1650','4GB GDDR6 (128-bit)','HDMI + DVI + Display Port','6 pin','300W',274,89),(6,'GTX 1650','4GB GDDR6 (12000Mhz, 128-bit)','HDMI + DVI + Display Port',NULL,'300W',277,90),(7,NULL,NULL,NULL,NULL,NULL,NULL,206),(8,NULL,NULL,NULL,NULL,NULL,NULL,207),(9,NULL,NULL,NULL,NULL,NULL,NULL,208),(10,NULL,NULL,NULL,NULL,NULL,NULL,209),(11,NULL,NULL,NULL,NULL,NULL,NULL,210),(12,NULL,NULL,NULL,NULL,NULL,NULL,212),(13,NULL,NULL,NULL,NULL,NULL,NULL,213),(14,NULL,NULL,NULL,NULL,NULL,NULL,214),(15,NULL,NULL,NULL,NULL,NULL,NULL,218),(16,NULL,NULL,NULL,NULL,NULL,NULL,219),(17,NULL,NULL,NULL,NULL,NULL,NULL,220),(18,NULL,NULL,NULL,NULL,NULL,NULL,221),(19,NULL,NULL,NULL,NULL,NULL,NULL,223),(20,NULL,NULL,NULL,NULL,NULL,NULL,226),(21,NULL,NULL,NULL,NULL,NULL,NULL,227),(22,NULL,NULL,NULL,NULL,NULL,NULL,228),(23,NULL,NULL,NULL,NULL,NULL,NULL,230),(24,NULL,NULL,NULL,NULL,NULL,NULL,231),(25,NULL,NULL,NULL,NULL,NULL,NULL,234),(54,NULL,NULL,NULL,NULL,NULL,NULL,215),(55,NULL,NULL,NULL,NULL,NULL,NULL,217),(56,NULL,NULL,NULL,NULL,NULL,NULL,222),(57,NULL,NULL,NULL,NULL,NULL,NULL,229),(58,NULL,NULL,NULL,NULL,NULL,NULL,235),(59,NULL,NULL,NULL,NULL,NULL,NULL,211),(60,NULL,NULL,NULL,NULL,NULL,NULL,216),(61,NULL,NULL,NULL,NULL,NULL,NULL,224),(62,NULL,NULL,NULL,NULL,NULL,NULL,225),(63,NULL,NULL,NULL,NULL,NULL,NULL,232),(64,NULL,NULL,NULL,NULL,NULL,NULL,233),(65,NULL,NULL,NULL,NULL,NULL,NULL,270),(66,NULL,NULL,NULL,NULL,NULL,NULL,271);
/*!40000 ALTER TABLE `card` ENABLE KEYS */;
UNLOCK TABLES;

--
-- Table structure for table `category`
--

DROP TABLE IF EXISTS `category`;
/*!40101 SET @saved_cs_client     = @@character_set_client */;
/*!50503 SET character_set_client = utf8mb4 */;
CREATE TABLE `category` (
  `id` bigint NOT NULL AUTO_INCREMENT,
  `name` varchar(255) NOT NULL,
  `image` varchar(255) DEFAULT NULL,
  `category_parent_id` bigint DEFAULT NULL,
  PRIMARY KEY (`id`),
  KEY `Category_category_parent_id_c6ddccbe_fk_Category_id` (`category_parent_id`),
  CONSTRAINT `Category_category_parent_id_c6ddccbe_fk_Category_id` FOREIGN KEY (`category_parent_id`) REFERENCES `category` (`id`)
) ENGINE=InnoDB AUTO_INCREMENT=50 DEFAULT CHARSET=utf8mb4 COLLATE=utf8mb4_0900_ai_ci;
/*!40101 SET character_set_client = @saved_cs_client */;

--
-- Dumping data for table `category`
--

LOCK TABLES `category` WRITE;
/*!40000 ALTER TABLE `category` DISABLE KEYS */;
INSERT INTO `category` VALUES (1,'Laptop Mới','https://laptop88.vn/template/giaodien_2022/images/ic_laptop.png',NULL),(2,'Laptop Cũ','https://laptop88.vn/template/giaodien_2022/images/ic_buy.png',NULL),(3,'Linh Kiện PC Laptop','https://laptop88.vn/template/giaodien_2022/images/ic_pc.png',NULL),(4,'Máy Tính Để Bàn','https://laptop88.vn/template/giaodien_2022/images/ic_maytinhdeban.png',NULL),(5,'Màn Hình Máy Tính','https://laptop88.vn/template/giaodien_2022/images/manhinhmt.png',NULL),(6,'Bảo Hành','https://laptop88.vn/template/giaodien_2022/images/ic_update.png',NULL),(7,'Phụ Kiện Máy Tinh','https://laptop88.vn/template/giaodien_2022/images/ic_tracuubaohanh.png',NULL),(8,'Cho Thuê Laptop','https://laptop88.vn/template/giaodien_2022/images/ic_chothuelaptop.png',NULL),(9,'Laptop Asus',NULL,1),(10,'Laptop Dell',NULL,1),(11,'Laptop Lenovo',NULL,1),(12,'Laptop HP',NULL,1),(13,'Laptop MSI',NULL,1),(14,'Laptop Acer',NULL,1),(15,'Macbook',NULL,1),(16,'Laptop LG',NULL,1),(17,'Laptop Gigabyte',NULL,1),(18,'Laptop SamSung',NULL,1),(19,'Laptop Huawei',NULL,1),(20,'Laptop Dell Cũ',NULL,2),(21,'Laptop HP Cũ',NULL,2),(22,'Laptop Lenovo Cũ',NULL,2),(23,'Macbook Cũ',NULL,2),(24,'Laptop Asus Cũ',NULL,2),(25,'Laptop Aces Cũ',NULL,2),(26,'Laptop MSI Cũ',NULL,2),(27,'CPU AMD',NULL,3),(28,'Mainboard AMD',NULL,3),(29,'Card Đồ Họa',NULL,3),(30,'Case - Vỏ Máy Tính',NULL,3),(31,'RAM PC',NULL,3),(32,'Ổ cứng SSD',NULL,3),(33,'Mainboard Intel',NULL,3),(34,'CPU Intel',NULL,3),(35,'Ổ cứng HDD',NULL,3),(36,'PSU - Nguồn Máy Tính',NULL,3),(37,'RAM Laptop',NULL,3),(38,'Máy tính chơi game',NULL,4),(39,'Máy tính để bàn',NULL,4),(40,'Máy tính để bàn',NULL,5),(41,'Màn Hình Samsung',NULL,5),(42,'Màn Hình LG',NULL,5),(43,'Màn Hình Asus',NULL,5),(44,'Màn Hình Acer',NULL,5),(45,'Màn Hình ViewSonic',NULL,5),(46,'Màn Hình Máy Tính Cũ',NULL,5),(47,'Màn Hình AOC',NULL,5),(48,'Màn Hình MSI',NULL,5),(49,'Màn Hình Lenovo',NULL,5);
/*!40000 ALTER TABLE `category` ENABLE KEYS */;
UNLOCK TABLES;

--
-- Table structure for table `chitietdonhang`
--

DROP TABLE IF EXISTS `chitietdonhang`;
/*!40101 SET @saved_cs_client     = @@character_set_client */;
/*!50503 SET character_set_client = utf8mb4 */;
CREATE TABLE `chitietdonhang` (
  `id` bigint NOT NULL AUTO_INCREMENT,
  `soluong` int DEFAULT NULL,
  `money` int DEFAULT NULL,
  `order_id` bigint NOT NULL,
  `product_id` bigint NOT NULL,
  PRIMARY KEY (`id`),
  KEY `Chitietdonhang_order_id_b623f1ad_fk_Order_id` (`order_id`),
  KEY `Chitietdonhang_product_id_89d40cf4_fk_Product_id` (`product_id`),
  CONSTRAINT `Chitietdonhang_order_id_b623f1ad_fk_Order_id` FOREIGN KEY (`order_id`) REFERENCES `order` (`id`),
  CONSTRAINT `Chitietdonhang_product_id_89d40cf4_fk_Product_id` FOREIGN KEY (`product_id`) REFERENCES `product` (`id`)
) ENGINE=InnoDB AUTO_INCREMENT=7 DEFAULT CHARSET=utf8mb4 COLLATE=utf8mb4_0900_ai_ci;
/*!40101 SET character_set_client = @saved_cs_client */;

--
-- Dumping data for table `chitietdonhang`
--

LOCK TABLES `chitietdonhang` WRITE;
/*!40000 ALTER TABLE `chitietdonhang` DISABLE KEYS */;
INSERT INTO `chitietdonhang` VALUES (3,2,95183000,1,1),(4,1,29990000,1,10),(5,1,9093000,2,31),(6,2,27986000,3,62);
/*!40000 ALTER TABLE `chitietdonhang` ENABLE KEYS */;
UNLOCK TABLES;

--
-- Table structure for table `cpu`
--

DROP TABLE IF EXISTS `cpu`;
/*!40101 SET @saved_cs_client     = @@character_set_client */;
/*!50503 SET character_set_client = utf8mb4 */;
CREATE TABLE `cpu` (
  `id` bigint NOT NULL AUTO_INCREMENT,
  `socket` varchar(30) DEFAULT NULL,
  `core` varchar(30) DEFAULT NULL,
  `speed` varchar(30) DEFAULT NULL,
  `cache` varchar(30) DEFAULT NULL,
  `TDP` varchar(30) DEFAULT NULL,
  `card_id` bigint DEFAULT NULL,
  `image_id` bigint DEFAULT NULL,
  `product_id` bigint NOT NULL,
  PRIMARY KEY (`id`),
  UNIQUE KEY `product_id` (`product_id`),
  UNIQUE KEY `image_id` (`image_id`),
  KEY `CPU_card_id_33724512_fk_Card_id` (`card_id`),
  CONSTRAINT `CPU_card_id_33724512_fk_Card_id` FOREIGN KEY (`card_id`) REFERENCES `card` (`id`),
  CONSTRAINT `CPU_image_id_a825a7b0_fk_Image_id` FOREIGN KEY (`image_id`) REFERENCES `image` (`id`),
  CONSTRAINT `CPU_product_id_e0789f7d_fk_Product_id` FOREIGN KEY (`product_id`) REFERENCES `product` (`id`)
) ENGINE=InnoDB AUTO_INCREMENT=55 DEFAULT CHARSET=utf8mb4 COLLATE=utf8mb4_0900_ai_ci;
/*!40101 SET character_set_client = @saved_cs_client */;

--
-- Dumping data for table `cpu`
--

LOCK TABLES `cpu` WRITE;
/*!40000 ALTER TABLE `cpu` DISABLE KEYS */;
INSERT INTO `cpu` VALUES (1,'AM4','6 nhân 12 luồng','4.2Ghz turbo upto 4.3Ghz','11MB Intel® Smart Cache','65W',65,233,75),(2,'AMD AM4','6 nhân 12 luồng','3.7GHz turbo upto 4.6GHz','35MB Cache','65W',NULL,236,76),(3,'FCLGA 1700 (Intel Gen 12)','4 nhân 8 luồng','3.4Ghz turbo upto 4.5Ghz','12MB Intel® Smart Cache','48W - 89W',58,239,77),(4,'FCLGA 1700','10 nhân 16 luồng','2.5Ghz turbo upto 4.6Ghz','20MB Intel® Smart Cache','65W',NULL,242,78),(5,'FCLGA 1700 (Intel Gen 12)','4 nhân 8 luồng','3.4Ghz turbo upto 4.5Ghz','12MB Intel® Smart Cache','48W - 89W',NULL,245,79),(6,'FCLGA 1700 (Intel Gen 13)','10 nhân 16 luồng','1.8 - 4.6Ghz turbo upto 4.3Ghz','20MB Intel® Smart Cache','65W - 148W',NULL,248,80),(7,'FCLGA 1200 (Intel Gen 10)','2 nhân 4 luồng','4.1 GHz turbo upto 4.3Ghz','4MB Intel® Smart Cache','58W',66,250,81),(8,'FCLGA 1200','2 nhân 2 luồng','3.4 GHz','2 MB Intel® Smart Cache','58W',66,253,82),(9,'FCLGA 1151','4 nhân 4 luồng','3.6Ghz turbo upto 4.2Ghz','6 MB Intel® Smart Cache','58W',66,256,83),(10,'FCLGA 1200 (Intel Gen 10)','6 nhân 12 luồng','2.9Ghz turbo upto 4.3Ghz','12MB Intel® Smart Cache','65W',56,259,84),(11,NULL,NULL,NULL,NULL,NULL,NULL,NULL,139),(12,NULL,NULL,NULL,NULL,NULL,NULL,NULL,140),(13,NULL,NULL,NULL,NULL,NULL,NULL,NULL,141),(14,NULL,NULL,NULL,NULL,NULL,NULL,NULL,143),(15,NULL,NULL,NULL,NULL,NULL,NULL,NULL,144),(16,NULL,NULL,NULL,NULL,NULL,NULL,NULL,153),(17,NULL,NULL,NULL,NULL,NULL,NULL,NULL,155),(18,NULL,NULL,NULL,NULL,NULL,NULL,NULL,156),(19,NULL,NULL,NULL,NULL,NULL,NULL,NULL,163),(20,NULL,NULL,NULL,NULL,NULL,NULL,NULL,165),(21,NULL,NULL,NULL,NULL,NULL,NULL,NULL,167),(22,NULL,NULL,NULL,NULL,NULL,NULL,NULL,168),(23,NULL,NULL,NULL,NULL,NULL,NULL,NULL,169),(24,NULL,NULL,NULL,NULL,NULL,NULL,NULL,171),(25,NULL,NULL,NULL,NULL,NULL,NULL,NULL,175),(26,NULL,NULL,NULL,NULL,NULL,NULL,NULL,138),(27,NULL,NULL,NULL,NULL,NULL,NULL,NULL,142),(28,NULL,NULL,NULL,NULL,NULL,NULL,NULL,145),(29,NULL,NULL,NULL,NULL,NULL,NULL,NULL,146),(30,NULL,NULL,NULL,NULL,NULL,NULL,NULL,147),(31,NULL,NULL,NULL,NULL,NULL,NULL,NULL,148),(32,NULL,NULL,NULL,NULL,NULL,NULL,NULL,149),(33,NULL,NULL,NULL,NULL,NULL,NULL,NULL,150),(34,NULL,NULL,NULL,NULL,NULL,NULL,NULL,151),(35,NULL,NULL,NULL,NULL,NULL,NULL,NULL,152),(36,NULL,NULL,NULL,NULL,NULL,NULL,NULL,154),(37,NULL,NULL,NULL,NULL,NULL,NULL,NULL,157),(38,NULL,NULL,NULL,NULL,NULL,NULL,NULL,158),(39,NULL,NULL,NULL,NULL,NULL,NULL,NULL,159),(40,NULL,NULL,NULL,NULL,NULL,NULL,NULL,160),(41,NULL,NULL,NULL,NULL,NULL,NULL,NULL,161),(42,NULL,NULL,NULL,NULL,NULL,NULL,NULL,162),(43,NULL,NULL,NULL,NULL,NULL,NULL,NULL,164),(44,NULL,NULL,NULL,NULL,NULL,NULL,NULL,166),(45,NULL,NULL,NULL,NULL,NULL,NULL,NULL,170),(46,NULL,NULL,NULL,NULL,NULL,NULL,NULL,172),(47,NULL,NULL,NULL,NULL,NULL,NULL,NULL,173),(48,NULL,NULL,NULL,NULL,NULL,NULL,NULL,174),(49,NULL,NULL,NULL,NULL,NULL,NULL,NULL,176),(50,NULL,NULL,NULL,NULL,NULL,NULL,NULL,177),(51,NULL,NULL,NULL,NULL,NULL,NULL,NULL,178),(52,NULL,NULL,NULL,NULL,NULL,NULL,NULL,179),(53,NULL,NULL,NULL,NULL,NULL,NULL,NULL,180),(54,NULL,NULL,NULL,NULL,NULL,NULL,NULL,181);
/*!40000 ALTER TABLE `cpu` ENABLE KEYS */;
UNLOCK TABLES;

--
-- Table structure for table `detail`
--

DROP TABLE IF EXISTS `detail`;
/*!40101 SET @saved_cs_client     = @@character_set_client */;
/*!50503 SET character_set_client = utf8mb4 */;
CREATE TABLE `detail` (
  `id` bigint NOT NULL AUTO_INCREMENT,
  `detail` varchar(255) DEFAULT NULL,
  PRIMARY KEY (`id`)
) ENGINE=InnoDB AUTO_INCREMENT=7 DEFAULT CHARSET=utf8mb4 COLLATE=utf8mb4_0900_ai_ci;
/*!40101 SET character_set_client = @saved_cs_client */;

--
-- Dumping data for table `detail`
--

LOCK TABLES `detail` WRITE;
/*!40000 ALTER TABLE `detail` DISABLE KEYS */;
INSERT INTO `detail` VALUES (1,'cpu,ram,harddrive,card,manhinh'),(2,'size,resolution,panels,frequency,connector'),(3,'loai,standard,size,memory'),(4,'standram,capacity,speed'),(5,'socket,core,speed,cache,TDP,card'),(6,'chip,memory,connector,socketsupport,psu');
/*!40000 ALTER TABLE `detail` ENABLE KEYS */;
UNLOCK TABLES;

--
-- Table structure for table `discount`
--

DROP TABLE IF EXISTS `discount`;
/*!40101 SET @saved_cs_client     = @@character_set_client */;
/*!50503 SET character_set_client = utf8mb4 */;
CREATE TABLE `discount` (
  `id` bigint NOT NULL AUTO_INCREMENT,
  `discount` int NOT NULL,
  `date_start` datetime(6) DEFAULT NULL,
  `date_end` datetime(6) DEFAULT NULL,
  PRIMARY KEY (`id`)
) ENGINE=InnoDB AUTO_INCREMENT=25 DEFAULT CHARSET=utf8mb4 COLLATE=utf8mb4_0900_ai_ci;
/*!40101 SET character_set_client = @saved_cs_client */;

--
-- Dumping data for table `discount`
--

LOCK TABLES `discount` WRITE;
/*!40000 ALTER TABLE `discount` DISABLE KEYS */;
INSERT INTO `discount` VALUES (1,1,'2023-11-29 03:13:36.000000','2023-12-01 03:13:36.000000'),(2,2,'2023-11-29 03:13:36.000000','2023-12-01 03:13:36.000000'),(3,3,'2023-11-29 03:13:36.000000','2023-12-01 03:13:36.000000'),(4,5,'2023-11-29 03:13:36.000000','2023-12-01 03:13:36.000000'),(5,10,'2023-11-29 03:13:36.000000','2023-12-01 03:13:36.000000'),(6,15,'2023-11-29 03:13:36.000000','2023-12-01 03:13:36.000000'),(7,20,'2023-11-29 03:13:36.000000','2023-12-01 03:13:36.000000'),(8,25,'2023-11-29 03:13:36.000000','2023-12-01 03:13:36.000000'),(9,30,'2023-11-29 03:13:36.000000','2023-12-01 03:13:36.000000'),(10,35,'2023-11-29 03:13:36.000000','2023-12-01 03:13:36.000000'),(11,40,'2023-11-29 03:13:36.000000','2023-12-01 03:13:36.000000'),(12,45,'2023-11-29 03:13:36.000000','2023-12-01 03:13:36.000000'),(13,50,'2023-11-29 03:13:36.000000','2023-12-01 03:13:36.000000'),(14,55,'2023-11-29 03:13:36.000000','2023-12-01 03:13:36.000000'),(15,60,'2023-11-29 03:13:36.000000','2023-12-01 03:13:36.000000'),(16,65,'2023-11-29 03:13:36.000000','2023-12-01 03:13:36.000000'),(17,70,'2023-11-29 03:13:36.000000','2023-12-01 03:13:36.000000'),(18,75,'2023-11-29 03:13:36.000000','2023-12-01 03:13:36.000000'),(19,80,'2023-11-29 03:13:36.000000','2023-12-01 03:13:36.000000'),(20,85,'2023-11-29 03:13:36.000000','2023-12-01 03:13:36.000000'),(21,90,'2023-11-29 03:13:36.000000','2023-12-01 03:13:36.000000'),(22,95,'2023-11-29 03:13:36.000000','2023-12-01 03:13:36.000000'),(23,100,'2023-11-29 03:13:36.000000','2023-12-01 03:13:36.000000'),(24,0,'2023-11-29 03:13:36.000000','2023-12-01 03:13:36.000000');
/*!40000 ALTER TABLE `discount` ENABLE KEYS */;
UNLOCK TABLES;

--
-- Table structure for table `django_admin_log`
--

DROP TABLE IF EXISTS `django_admin_log`;
/*!40101 SET @saved_cs_client     = @@character_set_client */;
/*!50503 SET character_set_client = utf8mb4 */;
CREATE TABLE `django_admin_log` (
  `id` int NOT NULL AUTO_INCREMENT,
  `action_time` datetime(6) NOT NULL,
  `object_id` longtext,
  `object_repr` varchar(200) NOT NULL,
  `action_flag` smallint unsigned NOT NULL,
  `change_message` longtext NOT NULL,
  `content_type_id` int DEFAULT NULL,
  `user_id` bigint NOT NULL,
  PRIMARY KEY (`id`),
  KEY `django_admin_log_content_type_id_c4bce8eb_fk_django_co` (`content_type_id`),
  KEY `django_admin_log_user_id_c564eba6_fk_User_id` (`user_id`),
  CONSTRAINT `django_admin_log_content_type_id_c4bce8eb_fk_django_co` FOREIGN KEY (`content_type_id`) REFERENCES `django_content_type` (`id`),
  CONSTRAINT `django_admin_log_user_id_c564eba6_fk_User_id` FOREIGN KEY (`user_id`) REFERENCES `user` (`id`),
  CONSTRAINT `django_admin_log_chk_1` CHECK ((`action_flag` >= 0))
) ENGINE=InnoDB AUTO_INCREMENT=1283 DEFAULT CHARSET=utf8mb4 COLLATE=utf8mb4_0900_ai_ci;
/*!40101 SET character_set_client = @saved_cs_client */;

--
-- Dumping data for table `django_admin_log`
--

LOCK TABLES `django_admin_log` WRITE;
/*!40000 ALTER TABLE `django_admin_log` DISABLE KEYS */;
INSERT INTO `django_admin_log` VALUES (1,'2023-11-29 03:17:13.393000','1','Mới 100%',1,'[{\"added\": {}}]',7,1),(2,'2023-11-29 03:17:24.096000','2','Cũ',1,'[{\"added\": {}}]',7,1),(3,'2023-11-29 03:17:30.705000','3','Trên Máy',1,'[{\"added\": {}}]',7,1),(4,'2023-11-29 03:18:24.225000','1','Asus',1,'[{\"added\": {}}]',8,1),(5,'2023-11-29 03:18:44.592000','2','Dell',1,'[{\"added\": {}}]',8,1),(6,'2023-11-29 03:18:55.089000','3','HP',1,'[{\"added\": {}}]',8,1),(7,'2023-11-29 03:19:06.129000','4','Acer',1,'[{\"added\": {}}]',8,1),(8,'2023-11-29 03:19:32.368000','5','Lenovo',1,'[{\"added\": {}}]',8,1),(9,'2023-11-29 03:19:43.791000','6','LG',1,'[{\"added\": {}}]',8,1),(10,'2023-11-29 03:19:48.244000','7','GIGABYTE',1,'[{\"added\": {}}]',8,1),(11,'2023-11-29 03:19:53.388000','8','Samsung',1,'[{\"added\": {}}]',8,1),(12,'2023-11-29 03:19:57.501000','9','Huawei',1,'[{\"added\": {}}]',8,1),(13,'2023-11-29 03:20:02.360000','10','Apple',1,'[{\"added\": {}}]',8,1),(14,'2023-11-29 03:20:19.277000','11','AMD',1,'[{\"added\": {}}]',8,1),(15,'2023-11-29 03:20:37.546000','12','Intel',1,'[{\"added\": {}}]',8,1),(16,'2023-11-29 03:20:45.418000','13','TeamGroup Elite',1,'[{\"added\": {}}]',8,1),(17,'2023-11-29 03:20:52.049000','14','Kingmax',1,'[{\"added\": {}}]',8,1),(18,'2023-11-29 03:20:56.720000','15','Kingston',1,'[{\"added\": {}}]',8,1),(19,'2023-11-29 03:21:01.474000','16','Crucial',1,'[{\"added\": {}}]',8,1),(20,'2023-11-29 03:21:06.293000','17','Patriot',1,'[{\"added\": {}}]',8,1),(21,'2023-11-29 03:21:11.492000','18','Micron',1,'[{\"added\": {}}]',8,1),(22,'2023-11-29 03:21:16.534000','19','ADATA',1,'[{\"added\": {}}]',8,1),(23,'2023-11-29 03:21:21.304000','20','PNY',1,'[{\"added\": {}}]',8,1),(24,'2023-11-29 03:21:28.392000','21','SK Hynix',1,'[{\"added\": {}}]',8,1),(25,'2023-11-29 03:21:41.720000','22','WD Blue',1,'[{\"added\": {}}]',8,1),(26,'2023-11-29 03:21:48.746000','23','Seagate',1,'[{\"added\": {}}]',8,1),(27,'2023-11-29 03:21:58.293000','24','Viewsonic',1,'[{\"added\": {}}]',8,1),(28,'2023-11-29 03:26:44.722000','1','Laptop Mới',1,'[{\"added\": {}}]',10,1),(29,'2023-11-29 03:26:57.157000','2','Laptop Cũ',1,'[{\"added\": {}}]',10,1),(30,'2023-11-29 03:27:08.261000','3','Linh Kiện PC Laptop',1,'[{\"added\": {}}]',10,1),(31,'2023-11-29 03:27:22.584000','4','Máy Tính Để Bàn',1,'[{\"added\": {}}]',10,1),(32,'2023-11-29 03:27:50.448000','5','Màn Hình Máy Tính',1,'[{\"added\": {}}]',10,1),(33,'2023-11-29 03:28:05.519000','6','Bảo Hành',1,'[{\"added\": {}}]',10,1),(34,'2023-11-29 03:28:21.162000','7','Phụ Kiện Máy Tinh',1,'[{\"added\": {}}]',10,1),(35,'2023-11-29 03:28:39.079000','8','Cho Thuê Laptop',1,'[{\"added\": {}}]',10,1),(36,'2023-11-29 03:28:53.750000','9','Laptop Asus',1,'[{\"added\": {}}]',10,1),(37,'2023-11-29 03:29:02.231000','10','Laptop Dell',1,'[{\"added\": {}}]',10,1),(38,'2023-11-29 03:29:08.642000','11','Laptop Lenovo',1,'[{\"added\": {}}]',10,1),(39,'2023-11-29 03:29:13.896000','12','Laptop HP',1,'[{\"added\": {}}]',10,1),(40,'2023-11-29 03:29:23.616000','13','Laptop MSI',1,'[{\"added\": {}}]',10,1),(41,'2023-11-29 03:29:29.428000','14','Laptop Acer',1,'[{\"added\": {}}]',10,1),(42,'2023-11-29 03:29:36.285000','15','Macbook',1,'[{\"added\": {}}]',10,1),(43,'2023-11-29 03:29:42.936000','16','Laptop LG',1,'[{\"added\": {}}]',10,1),(44,'2023-11-29 03:29:48.870000','17','Laptop Gigabyte',1,'[{\"added\": {}}]',10,1),(45,'2023-11-29 03:29:58.668000','18','Laptop SamSung',1,'[{\"added\": {}}]',10,1),(46,'2023-11-29 03:30:06.709000','19','Laptop Huawei',1,'[{\"added\": {}}]',10,1),(47,'2023-11-29 03:30:16.437000','20','Laptop Dell Cũ',1,'[{\"added\": {}}]',10,1),(48,'2023-11-29 03:30:22.224000','21','Laptop HP Cũ',1,'[{\"added\": {}}]',10,1),(49,'2023-11-29 03:30:28.928000','22','Laptop Lenovo Cũ',1,'[{\"added\": {}}]',10,1),(50,'2023-11-29 03:30:39.730000','23','Macbook Cũ',1,'[{\"added\": {}}]',10,1),(51,'2023-11-29 03:30:48.710000','24','Laptop Asus Cũ',1,'[{\"added\": {}}]',10,1),(52,'2023-11-29 03:31:00.495000','25','Laptop Aces Cũ',1,'[{\"added\": {}}]',10,1),(53,'2023-11-29 03:31:08.403000','26','Laptop MSI Cũ',1,'[{\"added\": {}}]',10,1),(54,'2023-11-29 03:31:24.169000','27','CPU AMD',1,'[{\"added\": {}}]',10,1),(55,'2023-11-29 03:31:31.229000','28','Mainboard AMD',1,'[{\"added\": {}}]',10,1),(56,'2023-11-29 03:31:39.555000','29','Card Đồ Họa',1,'[{\"added\": {}}]',10,1),(57,'2023-11-29 03:31:54.662000','30','Case - Vỏ Máy Tính',1,'[{\"added\": {}}]',10,1),(58,'2023-11-29 03:32:03.509000','31','RAM PC',1,'[{\"added\": {}}]',10,1),(59,'2023-11-29 03:32:12.530000','32','Ổ cứng SSD',1,'[{\"added\": {}}]',10,1),(60,'2023-11-29 03:32:21.138000','33','Mainboard Intel',1,'[{\"added\": {}}]',10,1),(61,'2023-11-29 03:32:28.723000','34','CPU Intel',1,'[{\"added\": {}}]',10,1),(62,'2023-11-29 03:32:34.283000','35','Ổ cứng HDD',1,'[{\"added\": {}}]',10,1),(63,'2023-11-29 03:32:42.288000','36','PSU - Nguồn Máy Tính',1,'[{\"added\": {}}]',10,1),(64,'2023-11-29 03:32:50.718000','37','RAM Laptop',1,'[{\"added\": {}}]',10,1),(65,'2023-11-29 03:32:58.408000','38','Máy tính chơi game',1,'[{\"added\": {}}]',10,1),(66,'2023-11-29 03:33:05.564000','39','Máy tính để bàn',1,'[{\"added\": {}}]',10,1),(67,'2023-11-29 03:33:13.291000','40','Máy tính để bàn',1,'[{\"added\": {}}]',10,1),(68,'2023-11-29 03:33:20.046000','41','Màn Hình Samsung',1,'[{\"added\": {}}]',10,1),(69,'2023-11-29 03:33:28.274000','42','Màn Hình LG',1,'[{\"added\": {}}]',10,1),(70,'2023-11-29 03:33:35.687000','43','Màn Hình Asus',1,'[{\"added\": {}}]',10,1),(71,'2023-11-29 03:33:42.004000','44','Màn Hình Acer',1,'[{\"added\": {}}]',10,1),(72,'2023-11-29 03:33:48.750000','45','Màn Hình ViewSonic',1,'[{\"added\": {}}]',10,1),(73,'2023-11-29 03:33:56.027000','46','Màn Hình Máy Tính Cũ',1,'[{\"added\": {}}]',10,1),(74,'2023-11-29 03:34:02.753000','47','Màn Hình AOC',1,'[{\"added\": {}}]',10,1),(75,'2023-11-29 03:34:11.205000','48','Màn Hình MSI',1,'[{\"added\": {}}]',10,1),(76,'2023-11-29 03:34:19.402000','49','Màn Hình Lenovo',1,'[{\"added\": {}}]',10,1),(77,'2023-11-29 03:35:33.066000','1','Laptop Gaming',1,'[{\"added\": {}}]',16,1),(78,'2023-11-29 03:35:41.137000','2','Laptop Văn Phòng',1,'[{\"added\": {}}]',16,1),(79,'2023-11-29 03:35:53.186000','3','Laptop Sinh Viên',1,'[{\"added\": {}}]',16,1),(80,'2023-11-29 03:35:59.889000','4','Laptop Mỏng Nhẹ',1,'[{\"added\": {}}]',16,1),(81,'2023-11-29 03:36:05.234000','5','Laptop Đồ Họa',1,'[{\"added\": {}}]',16,1),(82,'2023-11-29 03:36:09.635000','6','Linh Kiện',1,'[{\"added\": {}}]',16,1),(83,'2023-11-29 03:37:14.578000','1','1%',1,'[{\"added\": {}}]',13,1),(84,'2023-11-29 03:37:16.709000','2','2%',1,'[{\"added\": {}}]',13,1),(85,'2023-11-29 03:37:18.889000','3','3%',1,'[{\"added\": {}}]',13,1),(86,'2023-11-29 03:37:28.504000','4','5%',1,'[{\"added\": {}}]',13,1),(87,'2023-11-29 03:37:41.770000','5','10%',1,'[{\"added\": {}}]',13,1),(88,'2023-11-29 03:37:43.920000','6','15%',1,'[{\"added\": {}}]',13,1),(89,'2023-11-29 03:37:46.087000','7','20%',1,'[{\"added\": {}}]',13,1),(90,'2023-11-29 03:37:48.998000','8','25%',1,'[{\"added\": {}}]',13,1),(91,'2023-11-29 03:37:51.267000','9','30%',1,'[{\"added\": {}}]',13,1),(92,'2023-11-29 03:37:53.613000','10','35%',1,'[{\"added\": {}}]',13,1),(93,'2023-11-29 03:37:55.703000','11','40%',1,'[{\"added\": {}}]',13,1),(94,'2023-11-29 03:37:57.836000','12','45%',1,'[{\"added\": {}}]',13,1),(95,'2023-11-29 03:37:59.793000','13','50%',1,'[{\"added\": {}}]',13,1),(96,'2023-11-29 03:38:01.921000','14','55%',1,'[{\"added\": {}}]',13,1),(97,'2023-11-29 03:38:04.103000','15','60%',1,'[{\"added\": {}}]',13,1),(98,'2023-11-29 03:38:06.017000','16','65%',1,'[{\"added\": {}}]',13,1),(99,'2023-11-29 03:38:08.370000','17','70%',1,'[{\"added\": {}}]',13,1),(100,'2023-11-29 03:38:10.403000','18','75%',1,'[{\"added\": {}}]',13,1),(101,'2023-11-29 03:38:12.524000','19','80%',1,'[{\"added\": {}}]',13,1),(102,'2023-11-29 03:38:14.570000','20','85%',1,'[{\"added\": {}}]',13,1),(103,'2023-11-29 03:38:16.917000','21','90%',1,'[{\"added\": {}}]',13,1),(104,'2023-11-29 03:38:18.998000','22','95%',1,'[{\"added\": {}}]',13,1),(105,'2023-11-29 03:38:21.488000','23','100%',1,'[{\"added\": {}}]',13,1),(106,'2023-11-29 03:38:23.346000','24','0%',1,'[{\"added\": {}}]',13,1),(107,'2023-11-29 03:39:31.336000','1','cpu,ram,harddrive,card,manhinh',1,'[{\"added\": {}}]',12,1),(108,'2023-11-29 03:39:36.515000','2','size,resolution,panels,frequency,connector',1,'[{\"added\": {}}]',12,1),(109,'2023-11-29 03:39:41.572000','3','loai,standard,size,memory',1,'[{\"added\": {}}]',12,1),(110,'2023-11-29 03:39:45.774000','4','standram,capacity,speed',1,'[{\"added\": {}}]',12,1),(111,'2023-11-29 03:39:53.457000','5','socket,core,speed,cache,TDP,card',1,'[{\"added\": {}}]',12,1),(112,'2023-11-29 03:39:58.866000','6','chip,memory,connector,socketsupport,psu',1,'[{\"added\": {}}]',12,1),(113,'2023-11-29 03:42:41.838000','1','Laptop ASUS ROG Strix G16 G614JV-N4261W',1,'[{\"added\": {}}]',17,1),(114,'2023-11-29 03:43:22.542000','2','Laptop ASUS ROG Zephyrus G14 GA402NJ-L4056W',1,'[{\"added\": {}}]',17,1),(115,'2023-11-29 03:44:59.754000','3','Laptop ASUS TUF Gaming F15 FX507ZU4 LP054W',1,'[{\"added\": {}}]',17,1),(116,'2023-11-29 03:45:21.249000','2','Laptop ASUS ROG Zephyrus G14 GA402NJ-L4056W',2,'[{\"changed\": {\"fields\": [\"Category\"]}}]',17,1),(117,'2023-11-29 03:46:13.847000','4','Laptop Asus TUF Gaming F15 FX506LHB-HN188W',1,'[{\"added\": {}}]',17,1),(118,'2023-11-29 03:46:52.320000','5','Laptop Asus ROG Strix 2022 G17 G713RM-LL016W',1,'[{\"added\": {}}]',17,1),(119,'2023-11-29 03:47:37.839000','6','Laptop Asus ROG Zephyrus G15 GA503RM-LN006W',1,'[{\"added\": {}}]',17,1),(120,'2023-11-29 03:48:09.942000','7','Laptop ASUS ROG Zephyrus G14 GA402RJ-L8030W',1,'[{\"added\": {}}]',17,1),(121,'2023-11-29 03:48:46.638000','8','Laptop Gaming ASUS ROG FLOW X16 2023',1,'[{\"added\": {}}]',17,1),(122,'2023-11-29 03:49:30.980000','9','Laptop Gaming ASUS ROG Zephyrus G14 2023',1,'[{\"added\": {}}]',17,1),(123,'2023-11-29 03:50:05.997000','10','Laptop Gaming ASUS ROG Flow X13 2023 GV302XI',1,'[{\"added\": {}}]',17,1),(124,'2023-11-29 03:53:58.238000','11','Laptop Gaming ASUS ROG FLOW Z13 2023 GZ301',1,'[{\"added\": {}}]',17,1),(125,'2023-11-29 03:54:40.735000','12','Laptop Asus TUF Gaming F15 FX507ZC',1,'[{\"added\": {}}]',17,1),(126,'2023-11-29 03:55:19.423000','13','Laptop ASUS Zenbook Pro 14 OLED UX6404VV-P4069W',1,'[{\"added\": {}}]',17,1),(127,'2023-11-29 03:57:17.509000','14','Laptop Asus Zenbook 14 OLED UX3402VA-KM085W',1,'[{\"added\": {}}]',17,1),(128,'2023-11-29 03:57:56.726000','15','Laptop Asus Vivobook 15X OLED S3504VA L1226W',1,'[{\"added\": {}}]',17,1),(129,'2023-11-29 03:58:38.759000','16','Laptop Asus Vivobook S5402ZA-IS74-M003Y0',1,'[{\"added\": {}}]',17,1),(130,'2023-11-29 03:59:22.808000','17','Laptop Asus Vivobook K3500P',1,'[{\"added\": {}}]',17,1),(131,'2023-11-29 04:00:09.300000','18','Laptop ASUS Vivobook Go 14 E1404FA-NK177W',1,'[{\"added\": {}}]',17,1),(132,'2023-11-29 04:00:53.972000','19','Laptop HP Pavilion 14-DV2051TU 6K7G8PA',1,'[{\"added\": {}}]',17,1),(133,'2023-11-29 04:01:36.754000','20','Laptop Asus Expert Book P2451FA-BV3022',1,'[{\"added\": {}}]',17,1),(134,'2023-11-29 04:02:27.454000','21','Laptop Asus Vivobook 15 A515EA-BQ1530W',1,'[{\"added\": {}}]',17,1),(135,'2023-11-29 04:03:05.067000','22','Laptop Asus Vivobook 14X OLED A1403ZA-KM161W',1,'[{\"added\": {}}]',17,1),(136,'2023-11-29 04:03:43.829000','23','Laptop Asus Vivobook X515EP EJ405W',1,'[{\"added\": {}}]',17,1),(137,'2023-11-29 04:04:30.922000','24','Laptop Asus Vivobook A15 A515EA L12033T',1,'[{\"added\": {}}]',17,1),(138,'2023-11-29 04:05:17.491000','25','Laptop Dell Gaming G16 7630 R1948W',1,'[{\"added\": {}}]',17,1),(139,'2023-11-29 04:05:59.002000','26','Laptop Dell Gaming G15 5530 i7H165W11GR4060',1,'[{\"added\": {}}]',17,1),(140,'2023-11-29 04:09:28.730000','27','Laptop Dell G15 5520',1,'[{\"added\": {}}]',17,1),(141,'2023-11-29 04:10:28.124000','28','Laptop Dell G15 5511',1,'[{\"added\": {}}]',17,1),(142,'2023-11-29 04:11:06.280000','29','Laptop Dell Inspiron 5577',1,'[{\"added\": {}}]',17,1),(143,'2023-11-29 04:12:03.307000','30','Laptop Dell Inspiron G7 7588',1,'[{\"added\": {}}]',17,1),(144,'2023-11-29 04:12:53.352000','31','Laptop Dell Vostro 3405-R1505D',1,'[{\"added\": {}}]',17,1),(145,'2023-11-29 04:13:35.470000','32','Laptop Dell Inspiron G5 15 5500',1,'[{\"added\": {}}]',17,1),(146,'2023-11-29 04:14:18.495000','33','Laptop Dell Inspiron 3505-0M1T4',1,'[{\"added\": {}}]',17,1),(147,'2023-11-29 04:14:50.310000','34','Laptop Dell Inspiron N3505 Y1N1T1',1,'[{\"added\": {}}]',17,1),(148,'2023-11-29 04:15:34.014000','35','Laptop Dell Alienware X16 R1 (2023)',1,'[{\"added\": {}}]',17,1),(149,'2023-11-29 04:16:15.522000','36','Laptop Dell G16 7620',1,'[{\"added\": {}}]',17,1),(150,'2023-11-29 04:16:59.078000','37','Laptop Dell Inspiron 14 5430 i5P165W11SLD2',1,'[{\"added\": {}}]',17,1),(151,'2023-11-29 04:17:52.516000','38','Laptop Dell XPS 13 Plus 9320',1,'[{\"added\": {}}]',17,1),(152,'2023-11-29 04:18:32.487000','39','Laptop Dell Vostro 5630 i5P085W11GRU',1,'[{\"added\": {}}]',17,1),(153,'2023-11-29 04:19:13.150000','40','Laptop Dell Inspiron 13 5330 R1808S',1,'[{\"added\": {}}]',17,1),(154,'2023-11-29 04:20:10.011000','41','Laptop Dell Inspiron 14 7430 2 in 1 CN29D',1,'[{\"added\": {}}]',17,1),(155,'2023-11-29 04:20:55.673000','42','Laptop Dell Inspiron 16 7620',1,'[{\"added\": {}}]',17,1),(156,'2023-11-29 04:21:42.448000','43','Laptop Dell XPS 13 9305',1,'[{\"added\": {}}]',17,1),(157,'2023-11-29 04:22:36.799000','44','Laptop Dell Vostro 15 3530 80GG9',1,'[{\"added\": {}}]',17,1),(158,'2023-11-29 04:23:11.668000','45','Laptop Lenovo Legion Slim 5 16IRH8 82YA00BUVN',1,'[{\"added\": {}}]',17,1),(159,'2023-11-29 04:23:43.763000','46','Laptop LENOVO Legion Slim 5 16APH8 82Y9002YVN',1,'[{\"added\": {}}]',17,1),(160,'2023-11-29 04:24:21.630000','47','Laptop Lenovo Legion Slim 5 16IRH8 82YA008HVN',1,'[{\"added\": {}}]',17,1),(161,'2023-11-29 04:25:02.408000','48','Laptop Lenovo Legion Slim 5 16IRH8 82YA00BSVN',1,'[{\"added\": {}}]',17,1),(162,'2023-11-29 04:25:51.038000','49','Laptop Lenovo Ideapad Gaming 3 15ARH7 82SB00JUVN',1,'[{\"added\": {}}]',17,1),(163,'2023-11-29 05:16:55.925000','50','Laptop HP ProBook 440 G7',1,'[{\"added\": {}}]',17,1),(164,'2023-11-29 05:17:41.116000','51','Laptop HP Notebook 14s cr2005tu',1,'[{\"added\": {}}]',17,1),(165,'2023-11-29 05:18:34.309000','52','Laptop HP Elitebook 840 G3',1,'[{\"added\": {}}]',17,1),(166,'2023-11-29 05:19:20.777000','53','Laptop HP Probook 640 G2',1,'[{\"added\": {}}]',17,1),(167,'2023-11-29 05:20:02.798000','54','Laptop Gaming Mới Legion Y530',1,'[{\"added\": {}}]',17,1),(168,'2023-11-29 05:20:36.017000','55','Laptop Lenovo Ideapad Gaming 3 15IHU6 82K100LNUS',1,'[{\"added\": {}}]',17,1),(169,'2023-11-29 05:21:17.250000','56','Laptop LENOVO Legion 5 15ARH7 82RE0035VN 2022',1,'[{\"added\": {}}]',17,1),(170,'2023-11-29 05:22:01.697000','57','Laptop Lenovo Slim 7 ProX 14ARH7 82V20003US',1,'[{\"added\": {}}]',17,1),(171,'2023-11-29 05:22:40.149000','58','Laptop Lenovo ThinkPad T16 Gen 1 21CH000JUS',1,'[{\"added\": {}}]',17,1),(172,'2023-11-29 05:23:22.556000','59','Laptop Lenovo IdeaPad Slim 5 Light 14ABR8 82XS0007VN',1,'[{\"added\": {}}]',17,1),(173,'2023-11-29 05:24:18.898000','60','Laptop Lenovo Slim 7 14IRP8 83A40005US - Intel Core i5-1340P',1,'[{\"added\": {}}]',17,1),(174,'2023-11-29 05:25:00.560000','61','Laptop Lenovo IdeaPad 5 Pro 16ACH6 82L500F5US',1,'[{\"added\": {}}]',17,1),(175,'2023-11-29 05:25:42.919000','62','Laptop Lenovo Ideapad 5 Pro 14IAP7 82SH0004US',1,'[{\"added\": {}}]',17,1),(176,'2023-11-29 05:26:25.161000','63','Laptop Lenovo IdeaPad 3 14IIL05 81WD00BFVN',1,'[{\"added\": {}}]',17,1),(177,'2023-11-29 05:27:08.016000','64','Laptop Lenovo V14 G3 IAP 82TS00AXVN',1,'[{\"added\": {}}]',17,1),(178,'2023-11-29 05:27:52.674000','65','Laptop Lenovo Thinkpad L480',1,'[{\"added\": {}}]',17,1),(179,'2023-11-29 05:28:28.566000','66','Laptop Lenovo IdeaPad 3 14ABA7 82RM003UVN (2022)',1,'[{\"added\": {}}]',17,1),(180,'2023-11-29 05:29:18.650000','67','Laptop Lenovo Thinkpad E14 Gen 2-ITU 20TA002LVA',1,'[{\"added\": {}}]',17,1),(181,'2023-11-29 05:30:11.947000','68','Laptop HP Envy x360 2 in 1 15-fe0053dx 7H9Y3UA',1,'[{\"added\": {}}]',17,1),(182,'2023-11-29 05:31:01.996000','69','Laptop HP Pavilion X360 14-EK0057TU 6K7E0PA',1,'[{\"added\": {}}]',17,1),(183,'2023-11-29 05:31:51.726000','70','Laptop HP Pavilion 15 EG2084TU 7C0Q6PA',1,'[{\"added\": {}}]',17,1),(184,'2023-11-29 05:32:38.184000','71','Laptop HP 15s-fq5163TU 7C135PA',1,'[{\"added\": {}}]',17,1),(185,'2023-11-29 05:33:26.615000','72','Laptop HP Elitebook 840 G8',1,'[{\"added\": {}}]',17,1),(186,'2023-11-29 05:35:43.576000','73','Laptop HP 15 dy2089ms 4W2K3UA',1,'[{\"added\": {}}]',17,1),(187,'2023-11-29 05:36:40.012000','74','Laptop HP Pavilion 15-EG2062TU 6K790PA',1,'[{\"added\": {}}]',17,1),(188,'2023-11-29 05:37:41.172000','75','CPU AMD Ryzen 5-4600G',1,'[{\"added\": {}}]',17,1),(189,'2023-11-29 05:38:52.919000','76','CPU AMD Ryzen 5-5600X',1,'[{\"added\": {}}]',17,1),(190,'2023-11-29 05:39:57.732000','77','CPU Intel Core i3-13100',1,'[{\"added\": {}}]',17,1),(191,'2023-11-29 05:41:15.543000','78','CPU Intel Core i5-13400',1,'[{\"added\": {}}]',17,1),(192,'2023-11-29 05:42:59.156000','79','CPU Intel Core i3-13100F',1,'[{\"added\": {}}]',17,1),(193,'2023-11-29 05:43:53.419000','80','CPU Intel Core i5-13400F',1,'[{\"added\": {}}]',17,1),(194,'2023-11-29 05:44:51.485000','81','CPU Intel Pentium Gold-G6405',1,'[{\"added\": {}}]',17,1),(195,'2023-11-29 05:46:00.211000','82','CPU Intel Celeron-G5900',1,'[{\"added\": {}}]',17,1),(196,'2023-11-29 05:47:02.712000','83','CPU Intel Core i3-9100',1,'[{\"added\": {}}]',17,1),(197,'2023-11-29 05:47:53.943000','84','CPU Intel Core i5-10400',1,'[{\"added\": {}}]',17,1),(198,'2023-11-29 05:49:01.673000','85','Card đồ họa VGA RTX 3060',1,'[{\"added\": {}}]',17,1),(199,'2023-11-29 05:50:17.378000','86','Card đồ họa VGA Asus Phoenix GTX 1650',1,'[{\"added\": {}}]',17,1),(200,'2023-11-29 05:51:11.749000','87','Card đồ họa VGA Gigabyte Geforce GT 710',1,'[{\"added\": {}}]',17,1),(201,'2023-11-29 05:53:03.885000','88','Card đồ họa VGA ASUS TUF GTX 1660',1,'[{\"added\": {}}]',17,1),(202,'2023-11-29 05:54:00.171000','89','Card đồ họa VGA Asus TUF GTX 1650',1,'[{\"added\": {}}]',17,1),(203,'2023-11-29 05:55:17.880000','90','Card đồ họa VGA Gigabyte GTX 1650',1,'[{\"added\": {}}]',17,1),(204,'2023-11-29 08:07:54.008000','91','RAM Laptop DDR5 16GB Samsung bus 5600Mhz',1,'[{\"added\": {}}]',17,1),(205,'2023-11-29 08:08:38.879000','92','RAM Laptop TeamGroup Elite 16GB DDR4 bus 3200MHz',1,'[{\"added\": {}}]',17,1),(206,'2023-11-29 08:09:31.560000','93','RAM Laptop DDR5 16GB Samsung bus 4800Mhz',1,'[{\"added\": {}}]',17,1),(207,'2023-11-29 08:10:21.190000','94','RAM Laptop Kingston DDR4 16GB bus 2666MHz',1,'[{\"added\": {}}]',17,1),(208,'2023-11-29 08:11:17.483000','95','RAM Laptop Kingston DDR4 bus 3200MHz 16GB',1,'[{\"added\": {}}]',17,1),(209,'2023-11-29 08:12:02.382000','96','RAM Laptop DDR5 8GB Kingston bus 4800Mhz',1,'[{\"added\": {}}]',17,1),(210,'2023-11-29 08:13:07.117000','97','RAM Laptop Kingmax 16GB DDR4 bus 2666MHz',1,'[{\"added\": {}}]',17,1),(211,'2023-11-29 08:13:50.816000','98','RAM Laptop Samsung 16GB DDR4 bus 3200MHz',1,'[{\"added\": {}}]',17,1),(212,'2023-11-29 08:15:07.620000','99','RAM Laptop DDR5 8GB Crucial bus 4800Mhz',1,'[{\"added\": {}}]',17,1),(213,'2023-11-29 08:15:55.203000','100','RAM Laptop DDR4 16GB TeamGroup Elite bus 2666Mhz',1,'[{\"added\": {}}]',17,1),(214,'2023-11-29 08:16:43.362000','101','RAM Laptop Samsung 16GB DDR4 bus 2400MHz',1,'[{\"added\": {}}]',17,1),(215,'2023-11-29 08:17:28.609000','102','RAM Laptop PNY 16GB DDR4 bus 2666MHz',1,'[{\"added\": {}}]',17,1),(216,'2023-11-29 08:18:17.247000','103','RAM Laptop DDR5 8GB Samsung bus 5600Mhz',1,'[{\"added\": {}}]',17,1),(217,'2023-11-29 08:19:03.870000','104','RAM Laptop DDR5 8GB Samsung bus 4800Mhz',1,'[{\"added\": {}}]',17,1),(218,'2023-11-29 08:19:49.725000','105','RAM Laptop DDR5 8GB SK Hynix bus 4800Mhz',1,'[{\"added\": {}}]',17,1),(219,'2023-11-29 08:20:34.864000','106','RAM Laptop TeamGroup Elite 8GB DDR4 bus 3200MHz',1,'[{\"added\": {}}]',17,1),(220,'2023-11-29 08:21:14.600000','107','RAM Laptop DDR4 8GB Patriot bus 3200Mhz',1,'[{\"added\": {}}]',17,1),(221,'2023-11-29 08:21:59.272000','108','Ram Laptop DDR4 Kingston bus 3200MHz 8GB',1,'[{\"added\": {}}]',17,1),(222,'2023-11-29 08:22:48.087000','109','RAM Laptop 8GB DDR4 Micron bus 3200Mhz',1,'[{\"added\": {}}]',17,1),(223,'2023-11-29 08:23:33.908000','110','RAM Laptop 8GB DDR4 Adata AD4S32008G22-SGN',1,'[{\"added\": {}}]',17,1),(224,'2023-11-29 08:24:17.165000','111','RAM Laptop DDR4 8GB TeamGroup Elite bus 2666Mhz',1,'[{\"added\": {}}]',17,1),(225,'2023-11-29 08:25:00.254000','112','RAM laptop PNY Gaming 8GB DDR4 bus 3200MHz',1,'[{\"added\": {}}]',17,1),(226,'2023-11-29 08:25:42.180000','113','RAM Laptop Kingston DDR4 bus 3200 4GB',1,'[{\"added\": {}}]',17,1),(227,'2023-11-29 08:26:27.638000','114','RAM Laptop Kingston DDR4 bus 2666MHz 4GB',1,'[{\"added\": {}}]',17,1),(228,'2023-11-29 08:27:09.317000','115','RAM laptop SK Hynix DDR4 4GB bus 3200MHz',1,'[{\"added\": {}}]',17,1),(229,'2023-11-29 08:27:43.327000','116','RAM Laptop Samsung DDR4 4GB Bus 3200Mhz',1,'[{\"added\": {}}]',17,1),(230,'2023-11-29 08:28:57.947000','117','RAM Laptop Samsung 8GB DDR3L bus 1600Mhz',1,'[{\"added\": {}}]',17,1),(231,'2023-11-29 08:29:50.404000','118','RAM laptop 8GB DDR3L SK Hynix bus 1600Mhz',1,'[{\"added\": {}}]',17,1),(232,'2023-11-29 08:31:25.520000','119','Ổ cứng SSD NVMe 2TB Kingston KC2500 SKC2500M8',1,'[{\"added\": {}}]',17,1),(233,'2023-11-29 08:32:14.723000','120','Ổ cứng SSD NVMe 2TB Kingston NV2',1,'[{\"added\": {}}]',17,1),(234,'2023-11-29 08:32:59.983000','121','Ổ cứng SSD NVMe 2TB Crucial CT2000P2SSD8',1,'[{\"added\": {}}]',17,1),(235,'2023-11-29 08:33:54.731000','122','Ổ cứng SSD NVMe 1TB Samsung 990 PRO MZ',1,'[{\"added\": {}}]',17,1),(236,'2023-11-29 08:34:52.179000','123','Ổ cứng SSD 1TB Samsung PCIe NVMe',1,'[{\"added\": {}}]',17,1),(237,'2023-11-29 08:35:43.859000','124','Ổ cứng SSD NVMe 1TB Samsung 970',1,'[{\"added\": {}}]',17,1),(238,'2023-11-29 08:36:35.645000','125','Ổ cứng SSD 2.5 Inch 1TB Samsung 870',1,'[{\"added\": {}}]',17,1),(239,'2023-11-29 08:37:23.840000','126','Ổ cứng SSD NVMe 1TB Kingston NV2 SNV2S',1,'[{\"added\": {}}]',17,1),(240,'2023-11-29 08:38:06.713000','127','Ổ cứng SSD 1TB 2.5 Inch Crucial BX500 CT1000BX500SSD1',1,'[{\"added\": {}}]',17,1),(241,'2023-11-29 08:38:41.246000','128','Ổ cứng SSD NVMe 1TB Samsung PM991 M.2 2280',1,'[{\"added\": {}}]',17,1),(242,'2023-11-29 08:39:21.069000','129','Ổ cứng HDD 2.5 Inch WD Blue 5400rpm WD20SPZX-22UA7T0',1,'[{\"added\": {}}]',17,1),(243,'2023-11-29 08:40:04.693000','130','Màn Hình Di Động LG Gram View 16MR70.ASDA5 16 inch QHD',1,'[{\"added\": {}}]',17,1),(244,'2023-11-29 08:40:46.391000','131','Màn hình máy tính Lenovo Legion Y27-30 - 27 Inch FHD IPS 180Hz',1,'[{\"added\": {}}]',17,1),(245,'2023-11-29 08:41:33.564000','132','Màn hình máy tính 24 Inch Acer EK241Y Full HD 75Hz',1,'[{\"added\": {}}]',17,1),(246,'2023-11-29 08:42:14.194000','133','Màn hình máy tính 27 inch Viewsonic VX2717-C-MH',1,'[{\"added\": {}}]',17,1),(247,'2023-11-29 08:42:51.826000','134','Màn hình 23.6 Inch Viewsonic VA2409-H FullHD',1,'[{\"added\": {}}]',17,1),(248,'2023-11-29 08:43:32.330000','135','Màn hình 22 Inch ViewSonic VA2223-H Full HD',1,'[{\"added\": {}}]',17,1),(249,'2023-11-29 08:44:09.197000','136','Màn hình 22 Inch Acer AOPEN 22CV1Q Full HD',1,'[{\"added\": {}}]',17,1),(250,'2023-11-29 08:45:02.452000','137','Màn hình Dell E2417H 24 Inch Cũ / Full HD / 60Hz',1,'[{\"added\": {}}]',17,1),(251,'2023-11-29 08:47:02.023000','138','Intel Core i7-12700H',1,'[{\"added\": {}}]',17,1),(252,'2023-11-29 08:47:23.170000','139','AMD Ryzen 7-6800H',1,'[{\"added\": {}}]',17,1),(253,'2023-11-29 08:47:48.331000','140','AMD Ryzen 7-6800HS',1,'[{\"added\": {}}]',17,1),(254,'2023-11-29 08:48:23.382000','141','AMD Ryzen 9-7940HS',1,'[{\"added\": {}}]',17,1),(255,'2023-11-29 08:48:44.422000','142','Intel Core i5-11300H',1,'[{\"added\": {}}]',17,1),(256,'2023-11-29 08:49:03.328000','143','AMD Ryzen 5-7520U',1,'[{\"added\": {}}]',17,1),(257,'2023-11-29 08:49:56.903000','144','AMD Ryzen 7-7735HS',1,'[{\"added\": {}}]',17,1),(258,'2023-11-29 08:50:30.820000','145','Intel Core i3-10110U',1,'[{\"added\": {}}]',17,1),(259,'2023-11-29 08:50:49.128000','146','Intel Core i3-1115G4',1,'[{\"added\": {}}]',17,1),(260,'2023-11-29 08:51:04.544000','147','Intel Core i5-12500H',1,'[{\"added\": {}}]',17,1),(261,'2023-11-29 08:51:36.049000','148','Intel Core i9-13900HX',1,'[{\"added\": {}}]',17,1),(262,'2023-11-29 08:51:58.075000','149','Intel Core i7-13650HX',1,'[{\"added\": {}}]',17,1),(263,'2023-11-29 08:52:22.457000','150','Intel Core i5-11400H',1,'[{\"added\": {}}]',17,1),(264,'2023-11-29 08:52:37.250000','151','Intel Core i5-10300H',1,'[{\"added\": {}}]',17,1),(265,'2023-11-29 08:53:08.164000','152','Intel Core i7-7700HQ',1,'[{\"added\": {}}]',17,1),(266,'2023-11-29 08:53:33.007000','153','AMD Ryzen 5-3500U',1,'[{\"added\": {}}]',17,1),(267,'2023-11-29 08:53:56.510000','154','Intel Core i7-10750H',1,'[{\"added\": {}}]',17,1),(268,'2023-11-29 08:54:12.524000','155','AMD Ryzen 5-3450U',1,'[{\"added\": {}}]',17,1),(269,'2023-11-29 08:54:25.111000','156','AMD Ryzen 3-3250U',1,'[{\"added\": {}}]',17,1),(270,'2023-11-29 08:54:53.314000','157','Intel Core i7-13700H',1,'[{\"added\": {}}]',17,1),(271,'2023-11-29 08:55:15.995000','158','Intel Core i5-1240P',1,'[{\"added\": {}}]',17,1),(272,'2023-11-29 08:55:38.565000','159','Intel Core i7-1360P',1,'[{\"added\": {}}]',17,1),(273,'2023-11-29 08:56:23.065000','160','Intel Core i7-1260P',1,'[{\"added\": {}}]',17,1),(274,'2023-11-29 08:56:42.487000','161','Intel Core i7-1165G7',1,'[{\"added\": {}}]',17,1),(275,'2023-11-29 08:57:52.007000','162','Intel Core i5-1335u',1,'[{\"added\": {}}]',17,1),(276,'2023-11-29 08:58:31.483000','163','AMD Ryzen 7-7840HS',1,'[{\"added\": {}}]',17,1),(277,'2023-11-29 08:58:49.499000','164','Intel Core i5-13500H',1,'[{\"added\": {}}]',17,1),(278,'2023-11-29 08:59:18.292000','165','AMD Ryzen 5-7535HS',1,'[{\"added\": {}}]',17,1),(279,'2023-11-29 08:59:51.772000','166','Intel Core i7-8750H',1,'[{\"added\": {}}]',17,1),(280,'2023-11-29 09:00:06.217000','167','AMD Ryzen 9-6900HS',1,'[{\"added\": {}}]',17,1),(281,'2023-11-29 09:00:27.918000','168','AMD Ryzen 7-6850U',1,'[{\"added\": {}}]',17,1),(282,'2023-11-29 09:00:44.081000','169','AMD Ryzen 7-7730U',1,'[{\"added\": {}}]',17,1),(283,'2023-11-29 09:01:03.854000','170','Intel Core i5-1340P',1,'[{\"added\": {}}]',17,1),(284,'2023-11-29 09:01:27.235000','171','AMD Ryzen 5-5600H',1,'[{\"added\": {}}]',17,1),(285,'2023-11-29 09:02:09.782000','172','Intel Core i3-1005G1',1,'[{\"added\": {}}]',17,1),(286,'2023-11-29 09:02:29.078000','173','Intel Core i5-1235U',1,'[{\"added\": {}}]',17,1),(287,'2023-11-29 09:03:03.195000','174','Intel Core i5-8250U',1,'[{\"added\": {}}]',17,1),(288,'2023-11-29 09:03:20.493000','175','AMD Ryzen 7-5825U',1,'[{\"added\": {}}]',17,1),(289,'2023-11-29 09:03:37.419000','176','Intel Core i7-1355U',1,'[{\"added\": {}}]',17,1),(290,'2023-11-29 09:03:59.467000','177','Intel Core i7-1185G7',1,'[{\"added\": {}}]',17,1),(291,'2023-11-29 09:04:19.195000','178','Intel Core i5-1135G7',1,'[{\"added\": {}}]',17,1),(292,'2023-11-29 09:04:36.477000','179','Intel Core i5-10210U',1,'[{\"added\": {}}]',17,1),(293,'2023-11-29 09:04:51.750000','180','Intel Core i5-6200U',1,'[{\"added\": {}}]',17,1),(294,'2023-11-29 09:05:06.967000','181','Intel Core i3-1215U',1,'[{\"added\": {}}]',17,1),(295,'2023-11-29 09:05:55.709000','182','RAM 16GB DDR5 4800MHz',1,'[{\"added\": {}}]',17,1),(296,'2023-11-29 09:06:07.697000','183','RAM 16GB DDR4',1,'[{\"added\": {}}]',17,1),(297,'2023-11-29 09:06:18.964000','184','RAM 8GB DDR4',1,'[{\"added\": {}}]',17,1),(298,'2023-11-29 09:06:36.083000','185','RAM 16GB DDR5',1,'[{\"added\": {}}]',17,1),(299,'2023-11-29 09:06:49.361000','186','RAM 32GB DDR5',1,'[{\"added\": {}}]',17,1),(300,'2023-11-29 09:07:06.029000','187','RAM 16GB LPDDR5',1,'[{\"added\": {}}]',17,1),(301,'2023-11-29 09:07:22.826000','188','RAM 32GB LPDDR5',1,'[{\"added\": {}}]',17,1),(302,'2023-11-29 09:07:34.427000','189','RAM 16GB DDR4 3200MHz',1,'[{\"added\": {}}]',17,1),(303,'2023-11-29 09:07:45.925000','190','RAM 12GB DDR4',1,'[{\"added\": {}}]',17,1),(304,'2023-11-29 09:07:57.291000','191','RAM 16GB DDR5 5200Mhz',1,'[{\"added\": {}}]',17,1),(305,'2023-11-29 09:08:11.121000','192','RAM 8GB LPDDR5 4800MHz',1,'[{\"added\": {}}]',17,1),(306,'2023-11-29 09:08:22.554000','193','RAM 8GB DDR5 4800MHz',1,'[{\"added\": {}}]',17,1),(307,'2023-11-29 09:08:38.060000','194','RAM 32GB LPDDR5 6400Mhz',1,'[{\"added\": {}}]',17,1),(308,'2023-11-29 09:08:51.866000','195','RAM 8GB LPDDR5',1,'[{\"added\": {}}]',17,1),(309,'2023-11-29 09:09:07.220000','196','RAM 8GB DDR4 3200Mhz',1,'[{\"added\": {}}]',17,1),(310,'2023-11-29 09:10:03.894000','197','SSD 1TB NVMe',1,'[{\"added\": {}}]',17,1),(311,'2023-11-29 09:10:26.568000','198','SSD 512GB NVMe',1,'[{\"added\": {}}]',17,1),(312,'2023-11-29 09:10:38.860000','199','SSD 1TB M.2 NVMe™',1,'[{\"added\": {}}]',17,1),(313,'2023-11-29 09:10:51.310000','200','SSD 512GB M.2 NVMe™',1,'[{\"added\": {}}]',17,1),(314,'2023-11-29 09:11:03.077000','201','SSD 256GB NVMe',1,'[{\"added\": {}}]',17,1),(315,'2023-11-29 09:11:16.136000','202','SSD 128GB NVMe',1,'[{\"added\": {}}]',17,1),(316,'2023-11-29 09:11:30.623000','203','HDD 1TB',1,'[{\"added\": {}}]',17,1),(317,'2023-11-29 09:12:01.252000','204','SSD 2TB NVMe',1,'[{\"added\": {}}]',17,1),(318,'2023-11-29 09:12:20.086000','205','SSD 240GB NVMe',1,'[{\"added\": {}}]',17,1),(319,'2023-11-29 09:13:39.636000','206','NVIDIA® GeForce RTX™ 4060 8GB GDDR6',1,'[{\"added\": {}}]',17,1),(320,'2023-11-29 09:13:52.110000','207','NVIDIA® GeForce RTX™ 3050',1,'[{\"added\": {}}]',17,1),(321,'2023-11-29 09:14:07.456000','208','NVIDIA® GeForce RTX™ 4050 6GB GDDR6',1,'[{\"added\": {}}]',17,1),(322,'2023-11-29 09:14:22.727000','209','NVIDIA® Geforce GTX 1650',1,'[{\"added\": {}}]',17,1),(323,'2023-11-29 09:14:35.586000','210','NVIDIA® GeForce RTX™ 3060 6G DDR6',1,'[{\"added\": {}}]',17,1),(324,'2023-11-29 09:14:48.241000','211','AMD Radeon™ RX 6700S 8GB GDDR6',1,'[{\"added\": {}}]',17,1),(325,'2023-11-29 09:14:59.810000','212','NVIDIA® GeForce RTX™ 4070',1,'[{\"added\": {}}]',17,1),(326,'2023-11-29 09:15:11.815000','213','NVIDIA® GeForce RTX™ 4090',1,'[{\"added\": {}}]',17,1),(327,'2023-11-29 09:15:23.816000','214','NVIDIA® GeForce RTX™ 4060',1,'[{\"added\": {}}]',17,1),(328,'2023-11-29 09:15:37.485000','215','Intel® Iris® Xe Graphics',1,'[{\"added\": {}}]',17,1),(329,'2023-11-29 09:15:50.202000','216','AMD Radeon Vega',1,'[{\"added\": {}}]',17,1),(330,'2023-11-29 09:16:01.460000','217','Intel® UHD Graphics',1,'[{\"added\": {}}]',17,1),(331,'2023-11-29 09:16:13.772000','218','NVIDIA® GeForce MX330 2GB',1,'[{\"added\": {}}]',17,1),(332,'2023-11-29 09:16:26.055000','219','NVIDIA® GeForce RTX™ 3060',1,'[{\"added\": {}}]',17,1),(333,'2023-11-29 09:16:39.338000','220','NVIDIA® Geforce GTX 1650Ti',1,'[{\"added\": {}}]',17,1),(334,'2023-11-29 09:16:50.792000','221','NVIDIA® Geforce GTX 1050',1,'[{\"added\": {}}]',17,1),(335,'2023-11-29 09:17:00.449000','222','Intel® UHD Graphics 630',1,'[{\"added\": {}}]',17,1),(336,'2023-11-29 09:17:12.613000','223','NVIDIA® GeForce RTX™ 2060',1,'[{\"added\": {}}]',17,1),(337,'2023-11-29 09:17:23.742000','224','AMD Radeon Vega 3',1,'[{\"added\": {}}]',17,1),(338,'2023-11-29 09:17:36.504000','225','AMD Radeon Vega 8',1,'[{\"added\": {}}]',17,1),(339,'2023-11-29 09:17:47.383000','226','NVIDIA® GeForce RTX™ 40 Series',1,'[{\"added\": {}}]',17,1),(340,'2023-11-29 09:17:56.829000','227','NVIDIA® GeForce RTX™ 3050Ti',1,'[{\"added\": {}}]',17,1),(341,'2023-11-29 09:18:06.581000','228','NVIDIA® Geforce MX550 2GB GDDR6',1,'[{\"added\": {}}]',17,1),(342,'2023-11-29 09:18:16.048000','229','Intel® UHD Graphics 520',1,'[{\"added\": {}}]',17,1),(343,'2023-11-29 09:18:28.497000','230','NVIDIA GeForce RTX™ 4050 6GB GDDR6',1,'[{\"added\": {}}]',17,1),(344,'2023-11-29 09:18:39.281000','231','NVIDIA® Geforce GTX 1050 4GB',1,'[{\"added\": {}}]',17,1),(345,'2023-11-29 09:18:50.751000','232','AMD Radeon™ 680M Graphics',1,'[{\"added\": {}}]',17,1),(346,'2023-11-29 09:19:00.312000','233','AMD Radeon™ Graphics',1,'[{\"added\": {}}]',17,1),(347,'2023-11-29 09:19:09.824000','234','Intel® UHD Graphics 620',1,'[{\"added\": {}}]',17,1),(348,'2023-11-29 09:19:23.739000','235','Intel® HD Graphics 520',1,'[{\"added\": {}}]',17,1),(349,'2023-11-29 09:20:22.630000','236','16 Inch QHD+, 240Hz, 100%sRGB',1,'[{\"added\": {}}]',17,1),(350,'2023-11-29 09:20:35.749000','237','14 Inch WUXGA (1920 x 1200) 100% sRGB 144Hz',1,'[{\"added\": {}}]',17,1),(351,'2023-11-29 09:20:46.083000','238','15.6 Inch FHD 144Hz, 100%sRGB',1,'[{\"added\": {}}]',17,1),(352,'2023-11-29 09:20:55.668000','239','15.6 Inch Full HD 144Hz',1,'[{\"added\": {}}]',17,1),(353,'2023-11-29 09:21:08.061000','240','17.3 Inch WQHD (2560 x 1440) 240Hz',1,'[{\"added\": {}}]',17,1),(354,'2023-11-29 09:21:21.130000','241','15.6 Inch 2K (2560 x1440) IPS 240Hz, 100% sRGB',1,'[{\"added\": {}}]',17,1),(355,'2023-11-29 09:21:32.259000','242','14 Inch WQHD (2560 x 1440) 120Hz',1,'[{\"added\": {}}]',17,1),(356,'2023-11-29 09:21:41.436000','243','16 inch QHD 100%DCI - P3, 240 Hz',1,'[{\"added\": {}}]',17,1),(357,'2023-11-29 09:21:53.804000','244','14 inch QHD 100%DCI-P3, 165Hz miniLED',1,'[{\"added\": {}}]',17,1),(358,'2023-11-29 09:22:08.392000','245','13.4 inch QHD+, 100% DCI-P3, 165Hz',1,'[{\"added\": {}}]',17,1),(359,'2023-11-29 09:22:19.158000','246','14.5 inch 2.8K OLED 100% DCI-P3',1,'[{\"added\": {}}]',17,1),(360,'2023-11-29 09:22:28.971000','247','14.0 Inch OLED WQXGA+',1,'[{\"added\": {}}]',17,1),(361,'2023-11-29 09:22:38.230000','248','15.6 Inch Full HD OLED, 100%DCI-P3',1,'[{\"added\": {}}]',17,1),(362,'2023-11-29 09:22:47.874000','249','14.5 Inch 2.8K OLED 100% sRGB',1,'[{\"added\": {}}]',17,1),(363,'2023-11-29 09:22:56.698000','250','15.6 Inch 2.8K OLED',1,'[{\"added\": {}}]',17,1),(364,'2023-11-29 09:23:06.586000','251','14 Inch Full HD',1,'[{\"added\": {}}]',17,1),(365,'2023-11-29 09:23:19.471000','252','15.6 Inch Full HD',1,'[{\"added\": {}}]',17,1),(366,'2023-11-29 09:23:36.748000','253','16 Inch 2K 240Hz 100% DCI-P3',1,'[{\"added\": {}}]',17,1),(367,'2023-11-29 09:23:45.687000','254','15.6 Inch Full HD 165Hz',1,'[{\"added\": {}}]',17,1),(368,'2023-11-29 09:23:55.917000','255','16 Inch QHD+, 165Hz, 100%sRGB',1,'[{\"added\": {}}]',17,1),(369,'2023-11-29 09:40:02.002000','256','13.4 Inch FHD',1,'[{\"added\": {}}]',17,1),(370,'2023-11-29 09:40:12.460000','257','16 Inch FHD',1,'[{\"added\": {}}]',17,1),(371,'2023-11-29 09:40:23.664000','258','13.3 Inch QHD',1,'[{\"added\": {}}]',17,1),(372,'2023-11-29 09:40:33.195000','259','16 Inch 4K',1,'[{\"added\": {}}]',17,1),(373,'2023-11-29 09:40:45.976000','260','13.3 Inch FHD',1,'[{\"added\": {}}]',17,1),(374,'2023-11-29 09:40:55.979000','261','15 Inch FHD, 120Mhz',1,'[{\"added\": {}}]',17,1),(375,'2023-11-29 09:41:09.565000','262','16 Inch WQXGA (2560x1600) IPS 300nits, 100% sRGB, 165Hz',1,'[{\"added\": {}}]',17,1),(376,'2023-11-29 09:41:20.207000','263','16 inch 2K 100% sRGB 165Hz',1,'[{\"added\": {}}]',17,1),(377,'2023-11-29 09:41:30.451000','264','14.5 inch 3K 100% sRGB, 120Hz',1,'[{\"added\": {}}]',17,1),(378,'2023-11-29 09:41:41.302000','265','14 Inch Full HD, 300nits, IPS 100% sRGB',1,'[{\"added\": {}}]',17,1),(379,'2023-11-29 09:41:51.196000','266','14 Inch 2.8K 100% sRGB 120Hz 400 nits',1,'[{\"added\": {}}]',17,1),(380,'2023-11-29 09:42:01.555000','267','16 Inch 2.5K (2560x1600), 100% sRGB',1,'[{\"added\": {}}]',17,1),(381,'2023-11-29 09:42:10.680000','268','14 inch 2.2K 100% sRGB Touch',1,'[{\"added\": {}}]',17,1),(382,'2023-11-29 09:42:19.263000','269','14 Inch Full HD (1920x1080) IPS 300nits',1,'[{\"added\": {}}]',17,1),(383,'2023-11-29 09:42:33.400000','270','AMD Radeon Vega 7',1,'[{\"added\": {}}]',17,1),(384,'2023-11-29 09:42:47.172000','271','Intel® UHD Graphics 610',1,'[{\"added\": {}}]',17,1),(385,'2023-11-29 09:44:01.859000','1','(1, \'Đang Tạo Đơn Hàng\')',1,'[{\"added\": {}}]',18,1),(386,'2023-11-29 09:44:07.507000','2','(2, \'Tạo Đơn Thành Công\')',1,'[{\"added\": {}}]',18,1),(387,'2023-11-29 09:44:12.779000','3','(3, \'Hoàn Thành\')',1,'[{\"added\": {}}]',18,1),(388,'2023-11-29 10:09:28.576000','1','RAM Laptop DDR5 16GB Samsung bus 5600Mhz',1,'[{\"added\": {}}]',20,1),(389,'2023-11-29 10:09:54.541000','2','RAM Laptop DDR5 16GB Samsung bus 4800Mhz',1,'[{\"added\": {}}]',20,1),(390,'2023-11-29 10:10:18.580000','3','RAM Laptop TeamGroup Elite 16GB DDR4 bus 3200MHz',1,'[{\"added\": {}}]',20,1),(391,'2023-11-29 10:10:37.903000','4','RAM Laptop Kingston DDR4 16GB bus 2666MHz',1,'[{\"added\": {}}]',20,1),(392,'2023-11-29 10:10:59.903000','5','RAM Laptop Kingston DDR4 bus 3200MHz 16GB',1,'[{\"added\": {}}]',20,1),(393,'2023-11-29 10:11:26.998000','6','RAM Laptop DDR5 8GB Kingston bus 4800Mhz',1,'[{\"added\": {}}]',20,1),(394,'2023-11-29 10:12:12.092000','7','RAM Laptop Kingmax 16GB DDR4 bus 2666MHz',1,'[{\"added\": {}}]',20,1),(395,'2023-11-29 10:12:34.947000','8','RAM Laptop Samsung 16GB DDR4 bus 3200MHz',1,'[{\"added\": {}}]',20,1),(396,'2023-11-29 10:12:58.552000','9','RAM Laptop DDR5 8GB Crucial bus 4800Mhz',1,'[{\"added\": {}}]',20,1),(397,'2023-11-29 10:13:19.497000','10','RAM Laptop DDR4 16GB TeamGroup Elite bus 2666Mhz',1,'[{\"added\": {}}]',20,1),(398,'2023-11-29 10:13:43.693000','11','RAM Laptop Samsung 16GB DDR4 bus 2400MHz',1,'[{\"added\": {}}]',20,1),(399,'2023-11-29 10:14:09.286000','12','RAM Laptop PNY 16GB DDR4 bus 2666MHz',1,'[{\"added\": {}}]',20,1),(400,'2023-11-29 10:14:33.547000','13','RAM Laptop DDR5 8GB Samsung bus 5600Mhz',1,'[{\"added\": {}}]',20,1),(401,'2023-11-29 10:15:03.258000','14','RAM Laptop DDR5 8GB Samsung bus 4800Mhz',1,'[{\"added\": {}}]',20,1),(402,'2023-11-29 10:15:34.720000','15','RAM Laptop DDR5 8GB SK Hynix bus 4800Mhz',1,'[{\"added\": {}}]',20,1),(403,'2023-11-29 10:15:52.053000','15','RAM Laptop DDR5 8GB SK Hynix bus 4800Mhz',2,'[{\"changed\": {\"fields\": [\"Speed\"]}}]',20,1),(404,'2023-11-29 10:16:14.017000','16','RAM Laptop TeamGroup Elite 8GB DDR4 bus 3200MHz',1,'[{\"added\": {}}]',20,1),(405,'2023-11-29 10:16:42.764000','17','RAM Laptop DDR4 8GB Patriot bus 3200Mhz',1,'[{\"added\": {}}]',20,1),(406,'2023-11-29 10:17:14.595000','18','Ram Laptop DDR4 Kingston bus 3200MHz 8GB',1,'[{\"added\": {}}]',20,1),(407,'2023-11-29 10:17:59.320000','19','RAM Laptop 8GB DDR4 Micron bus 3200Mhz',1,'[{\"added\": {}}]',20,1),(408,'2023-11-29 10:20:07.166000','20','RAM Laptop 8GB DDR4 Adata AD4S32008G22-SGN',1,'[{\"added\": {}}]',20,1),(409,'2023-11-29 10:20:41.178000','21','RAM Laptop DDR4 8GB TeamGroup Elite bus 2666Mhz',1,'[{\"added\": {}}]',20,1),(410,'2023-11-29 10:21:14.778000','22','RAM laptop PNY Gaming 8GB DDR4 bus 3200MHz',1,'[{\"added\": {}}]',20,1),(411,'2023-11-29 10:21:45.047000','23','RAM Laptop Kingston DDR4 bus 3200 4GB',1,'[{\"added\": {}}]',20,1),(412,'2023-11-29 10:22:23.048000','24','RAM Laptop Kingston DDR4 bus 2666MHz 4GB',1,'[{\"added\": {}}]',20,1),(413,'2023-11-29 10:22:59.789000','25','RAM laptop SK Hynix DDR4 4GB bus 3200MHz',1,'[{\"added\": {}}]',20,1),(414,'2023-11-29 10:23:21.984000','26','RAM Laptop Samsung DDR4 4GB Bus 3200Mhz',1,'[{\"added\": {}}]',20,1),(415,'2023-11-29 10:24:46.098000','27','RAM laptop 8GB DDR3L SK Hynix bus 1600Mhz',1,'[{\"added\": {}}]',20,1),(416,'2023-11-29 10:28:42.064000','28','RAM Laptop Samsung 8GB DDR3L bus 1600Mhz',1,'[{\"added\": {}}]',20,1),(417,'2023-11-29 10:40:12.012000','29','RAM 16GB DDR5 4800MHz',1,'[{\"added\": {}}]',20,1),(418,'2023-11-29 10:40:29.119000','30','RAM 16GB DDR4',1,'[{\"added\": {}}]',20,1),(419,'2023-11-29 10:40:42.959000','31','RAM 8GB DDR4',1,'[{\"added\": {}}]',20,1),(420,'2023-11-29 10:41:04.574000','32','RAM 16GB DDR5',1,'[{\"added\": {}}]',20,1),(421,'2023-11-29 10:41:15.077000','33','RAM 32GB DDR5',1,'[{\"added\": {}}]',20,1),(422,'2023-11-29 10:41:26.946000','34','RAM 16GB LPDDR5',1,'[{\"added\": {}}]',20,1),(423,'2023-11-29 10:41:40.664000','35','RAM 32GB LPDDR5',1,'[{\"added\": {}}]',20,1),(424,'2023-11-29 10:41:49.357000','36','RAM 16GB DDR4 3200MHz',1,'[{\"added\": {}}]',20,1),(425,'2023-11-29 10:42:00.697000','37','RAM 12GB DDR4',1,'[{\"added\": {}}]',20,1),(426,'2023-11-29 10:42:18.841000','38','RAM 16GB DDR5 5200Mhz',1,'[{\"added\": {}}]',20,1),(427,'2023-11-29 10:42:29.565000','39','RAM 8GB LPDDR5 4800MHz',1,'[{\"added\": {}}]',20,1),(428,'2023-11-29 10:42:40.467000','40','RAM 8GB DDR5 4800MHz',1,'[{\"added\": {}}]',20,1),(429,'2023-11-29 10:42:49.621000','41','RAM 32GB LPDDR5 6400Mhz',1,'[{\"added\": {}}]',20,1),(430,'2023-11-29 10:43:00.943000','42','RAM 8GB LPDDR5',1,'[{\"added\": {}}]',20,1),(431,'2023-11-29 10:43:18.230000','43','RAM 8GB DDR4 3200Mhz',1,'[{\"added\": {}}]',20,1),(432,'2023-11-29 10:50:58.265000','1','Màn Hình Di Động LG Gram View 16MR70.ASDA5 16 inch QHD',1,'[{\"added\": {}}]',24,1),(433,'2023-11-29 10:51:25.308000','2','Màn hình máy tính Lenovo Legion Y27-30 - 27 Inch FHD IPS 180Hz',1,'[{\"added\": {}}]',24,1),(434,'2023-11-29 10:51:53.289000','3','Màn hình máy tính 24 Inch Acer EK241Y Full HD 75Hz',1,'[{\"added\": {}}]',24,1),(435,'2023-11-29 10:52:14.986000','4','Màn hình máy tính 27 inch Viewsonic VX2717-C-MH',1,'[{\"added\": {}}]',24,1),(436,'2023-11-29 10:52:41.879000','5','Màn hình 23.6 Inch Viewsonic VA2409-H FullHD',1,'[{\"added\": {}}]',24,1),(437,'2023-11-29 10:53:07.252000','6','Màn hình 22 Inch ViewSonic VA2223-H Full HD',1,'[{\"added\": {}}]',24,1),(438,'2023-11-29 10:53:30.885000','7','Màn hình 22 Inch Acer AOPEN 22CV1Q Full HD',1,'[{\"added\": {}}]',24,1),(439,'2023-11-29 10:53:58.364000','8','Màn hình Dell E2417H 24 Inch Cũ / Full HD / 60Hz',1,'[{\"added\": {}}]',24,1),(440,'2023-11-29 10:55:01.137000','9','16 Inch QHD+, 240Hz, 100%sRGB',1,'[{\"added\": {}}]',24,1),(441,'2023-11-29 10:55:07.746000','10','14 Inch WUXGA (1920 x 1200) 100% sRGB 144Hz',1,'[{\"added\": {}}]',24,1),(442,'2023-11-29 10:55:12.655000','11','15.6 Inch FHD 144Hz, 100%sRGB',1,'[{\"added\": {}}]',24,1),(443,'2023-11-29 10:55:16.767000','12','15.6 Inch Full HD 144Hz',1,'[{\"added\": {}}]',24,1),(444,'2023-11-29 10:55:23.384000','13','17.3 Inch WQHD (2560 x 1440) 240Hz',1,'[{\"added\": {}}]',24,1),(445,'2023-11-29 10:55:32.263000','14','15.6 Inch 2K (2560 x1440) IPS 240Hz, 100% sRGB',1,'[{\"added\": {}}]',24,1),(446,'2023-11-29 10:55:40.762000','15','14 Inch WQHD (2560 x 1440) 120Hz',1,'[{\"added\": {}}]',24,1),(447,'2023-11-29 10:55:47.063000','16','16 inch QHD 100%DCI - P3, 240 Hz',1,'[{\"added\": {}}]',24,1),(448,'2023-11-29 10:55:54.993000','17','14 inch QHD 100%DCI-P3, 165Hz miniLED',1,'[{\"added\": {}}]',24,1),(449,'2023-11-29 10:56:24.509000','18','13.4 inch QHD+, 100% DCI-P3, 165Hz',1,'[{\"added\": {}}]',24,1),(450,'2023-11-29 10:56:38.405000','19','14.5 inch 2.8K OLED 100% DCI-P3',1,'[{\"added\": {}}]',24,1),(451,'2023-11-29 10:56:46.496000','20','14.0 Inch OLED WQXGA+',1,'[{\"added\": {}}]',24,1),(452,'2023-11-29 10:56:56.227000','21','15.6 Inch Full HD OLED, 100%DCI-P3',1,'[{\"added\": {}}]',24,1),(453,'2023-11-29 10:57:07.693000','22','14.5 Inch 2.8K OLED 100% sRGB',1,'[{\"added\": {}}]',24,1),(454,'2023-11-29 10:57:41.535000','23','15.6 Inch 2.8K OLED',1,'[{\"added\": {}}]',24,1),(455,'2023-11-29 10:57:50.949000','24','14 Inch Full HD',1,'[{\"added\": {}}]',24,1),(456,'2023-11-29 10:58:01.142000','25','15.6 Inch Full HD',1,'[{\"added\": {}}]',24,1),(457,'2023-11-29 10:58:15.397000','26','16 Inch 2K 240Hz 100% DCI-P3',1,'[{\"added\": {}}]',24,1),(458,'2023-11-29 10:58:26.764000','27','15.6 Inch Full HD 165Hz',1,'[{\"added\": {}}]',24,1),(459,'2023-11-29 10:58:42.034000','28','16 Inch QHD+, 165Hz, 100%sRGB',1,'[{\"added\": {}}]',24,1),(460,'2023-11-29 10:58:54.900000','29','13.4 Inch FHD',1,'[{\"added\": {}}]',24,1),(461,'2023-11-29 10:59:16.473000','30','16 Inch FHD',1,'[{\"added\": {}}]',24,1),(462,'2023-11-29 10:59:24.648000','31','13.3 Inch QHD',1,'[{\"added\": {}}]',24,1),(463,'2023-11-29 10:59:33.107000','32','16 Inch 4K',1,'[{\"added\": {}}]',24,1),(464,'2023-11-29 10:59:41.354000','33','13.3 Inch FHD',1,'[{\"added\": {}}]',24,1),(465,'2023-11-29 10:59:56.754000','34','15 Inch FHD, 120Mhz',1,'[{\"added\": {}}]',24,1),(466,'2023-11-29 11:00:08.782000','35','16 Inch WQXGA (2560x1600) IPS 300nits, 100% sRGB, 165Hz',1,'[{\"added\": {}}]',24,1),(467,'2023-11-29 11:00:21.737000','36','16 inch 2K 100% sRGB 165Hz',1,'[{\"added\": {}}]',24,1),(468,'2023-11-29 11:00:34.518000','37','14.5 inch 3K 100% sRGB, 120Hz',1,'[{\"added\": {}}]',24,1),(469,'2023-11-29 11:00:53.829000','38','14 Inch Full HD, 300nits, IPS 100% sRGB',1,'[{\"added\": {}}]',24,1),(470,'2023-11-29 11:01:08.781000','39','14 Inch 2.8K 100% sRGB 120Hz 400 nits',1,'[{\"added\": {}}]',24,1),(471,'2023-11-29 11:01:42.091000','40','16 Inch 2.5K (2560x1600), 100% sRGB',1,'[{\"added\": {}}]',24,1),(472,'2023-11-29 11:01:58.034000','41','14 inch 2.2K 100% sRGB Touch',1,'[{\"added\": {}}]',24,1),(473,'2023-11-29 11:02:27.669000','42','14 Inch Full HD (1920x1080) IPS 300nits',1,'[{\"added\": {}}]',24,1),(474,'2023-11-29 11:31:06.451000','1','Ổ cứng SSD NVMe 2TB Kingston KC2500 SKC2500M8',1,'[{\"added\": {}}]',14,1),(475,'2023-11-29 11:31:30.588000','2','Ổ cứng SSD NVMe 2TB Kingston NV2',1,'[{\"added\": {}}]',14,1),(476,'2023-11-29 11:32:26.211000','3','Ổ cứng SSD NVMe 2TB Crucial CT2000P2SSD8',1,'[{\"added\": {}}]',14,1),(477,'2023-11-29 11:32:55.528000','4','Ổ cứng SSD NVMe 1TB Samsung 990 PRO MZ',1,'[{\"added\": {}}]',14,1),(478,'2023-11-29 11:33:22.305000','5','Ổ cứng SSD 1TB Samsung PCIe NVMe',1,'[{\"added\": {}}]',14,1),(479,'2023-11-29 11:33:46.374000','6','Ổ cứng SSD NVMe 1TB Samsung 970',1,'[{\"added\": {}}]',14,1),(480,'2023-11-29 11:34:06.138000','7','Ổ cứng SSD 2.5 Inch 1TB Samsung 870',1,'[{\"added\": {}}]',14,1),(481,'2023-11-29 11:34:31.089000','8','Ổ cứng SSD NVMe 1TB Kingston NV2 SNV2S',1,'[{\"added\": {}}]',14,1),(482,'2023-11-29 11:34:57.629000','9','Ổ cứng SSD 1TB 2.5 Inch Crucial BX500 CT1000BX500SSD1',1,'[{\"added\": {}}]',14,1),(483,'2023-11-29 11:35:24.766000','10','Ổ cứng SSD NVMe 1TB Samsung PM991 M.2 2280',1,'[{\"added\": {}}]',14,1),(484,'2023-11-29 11:35:50.576000','11','Ổ cứng HDD 2.5 Inch WD Blue 5400rpm WD20SPZX-22UA7T0',1,'[{\"added\": {}}]',14,1),(485,'2023-11-29 11:36:18.953000','12','SSD 1TB NVMe',1,'[{\"added\": {}}]',14,1),(486,'2023-11-29 11:36:26.606000','13','SSD 512GB NVMe',1,'[{\"added\": {}}]',14,1),(487,'2023-11-29 11:36:48.587000','14','SSD 1TB M.2 NVMe™',1,'[{\"added\": {}}]',14,1),(488,'2023-11-29 11:36:54.735000','15','SSD 512GB M.2 NVMe™',1,'[{\"added\": {}}]',14,1),(489,'2023-11-29 11:37:09.069000','16','SSD 256GB NVMe',1,'[{\"added\": {}}]',14,1),(490,'2023-11-29 11:37:19.575000','17','SSD 128GB NVMe',1,'[{\"added\": {}}]',14,1),(491,'2023-11-29 11:37:23.974000','18','SSD 2TB NVMe',1,'[{\"added\": {}}]',14,1),(492,'2023-11-29 11:37:29.133000','19','SSD 240GB NVMe',1,'[{\"added\": {}}]',14,1),(493,'2023-11-29 11:37:46.688000','20','HDD 1TB',1,'[{\"added\": {}}]',14,1),(494,'2023-11-29 11:39:19.256000','1','Card đồ họa VGA RTX 3060',1,'[{\"added\": {}}]',9,1),(495,'2023-11-29 11:39:49.652000','2','Card đồ họa VGA Asus Phoenix GTX 1650',1,'[{\"added\": {}}]',9,1),(496,'2023-11-29 11:40:22.093000','3','Card đồ họa VGA Gigabyte Geforce GT 710',1,'[{\"added\": {}}]',9,1),(497,'2023-11-29 11:40:46.567000','4','Card đồ họa VGA ASUS TUF GTX 1660',1,'[{\"added\": {}}]',9,1),(498,'2023-11-29 11:41:26.077000','5','Card đồ họa VGA Asus TUF GTX 1650',1,'[{\"added\": {}}]',9,1),(499,'2023-11-29 11:41:52.299000','6','Card đồ họa VGA Gigabyte GTX 1650',1,'[{\"added\": {}}]',9,1),(500,'2023-11-29 11:42:47.785000','7','NVIDIA® GeForce RTX™ 4060 8GB GDDR6',1,'[{\"added\": {}}]',9,1),(501,'2023-11-29 11:42:53.554000','8','NVIDIA® GeForce RTX™ 3050',1,'[{\"added\": {}}]',9,1),(502,'2023-11-29 11:42:59.218000','9','NVIDIA® GeForce RTX™ 4050 6GB GDDR6',1,'[{\"added\": {}}]',9,1),(503,'2023-11-29 11:43:05.625000','10','NVIDIA® Geforce GTX 1650',1,'[{\"added\": {}}]',9,1),(504,'2023-11-29 11:43:13.576000','11','NVIDIA® GeForce RTX™ 3060 6G DDR6',1,'[{\"added\": {}}]',9,1),(505,'2023-11-29 11:43:19.223000','12','NVIDIA® GeForce RTX™ 4070',1,'[{\"added\": {}}]',9,1),(506,'2023-11-29 11:43:25.653000','13','NVIDIA® GeForce RTX™ 4090',1,'[{\"added\": {}}]',9,1),(507,'2023-11-29 11:43:31.664000','14','NVIDIA® GeForce RTX™ 4060',1,'[{\"added\": {}}]',9,1),(508,'2023-11-29 11:43:36.318000','15','NVIDIA® GeForce MX330 2GB',1,'[{\"added\": {}}]',9,1),(509,'2023-11-29 11:43:41.225000','16','NVIDIA® GeForce RTX™ 3060',1,'[{\"added\": {}}]',9,1),(510,'2023-11-29 11:43:49.123000','17','NVIDIA® Geforce GTX 1650Ti',1,'[{\"added\": {}}]',9,1),(511,'2023-11-29 11:43:54.542000','18','NVIDIA® Geforce GTX 1050',1,'[{\"added\": {}}]',9,1),(512,'2023-11-29 11:44:03.172000','19','NVIDIA® GeForce RTX™ 2060',1,'[{\"added\": {}}]',9,1),(513,'2023-11-29 11:44:12.419000','20','NVIDIA® GeForce RTX™ 40 Series',1,'[{\"added\": {}}]',9,1),(514,'2023-11-29 11:44:21.418000','21','NVIDIA® GeForce RTX™ 3050Ti',1,'[{\"added\": {}}]',9,1),(515,'2023-11-29 11:44:30.730000','22','NVIDIA® Geforce MX550 2GB GDDR6',1,'[{\"added\": {}}]',9,1),(516,'2023-11-29 11:44:42.184000','23','NVIDIA GeForce RTX™ 4050 6GB GDDR6',1,'[{\"added\": {}}]',9,1),(517,'2023-11-29 11:44:52.492000','24','NVIDIA® Geforce GTX 1050 4GB',1,'[{\"added\": {}}]',9,1),(518,'2023-11-29 11:46:17.552000','25','Intel® UHD Graphics 620',1,'[{\"added\": {}}]',9,1),(519,'2023-11-29 11:46:39.891000','26','Intel Core i7-12700H',1,'[{\"added\": {}}]',9,1),(520,'2023-11-29 11:46:42.333000','27','Intel Core i5-11300H',1,'[{\"added\": {}}]',9,1),(521,'2023-11-29 11:46:45.299000','28','Intel Core i3-10110U',1,'[{\"added\": {}}]',9,1),(522,'2023-11-29 11:46:48.637000','29','Intel Core i3-1115G4',1,'[{\"added\": {}}]',9,1),(523,'2023-11-29 11:46:54.191000','30','Intel Core i5-12500H',1,'[{\"added\": {}}]',9,1),(524,'2023-11-29 11:46:59.962000','31','Intel Core i9-13900HX',1,'[{\"added\": {}}]',9,1),(525,'2023-11-29 11:47:03.734000','32','Intel Core i7-13650HX',1,'[{\"added\": {}}]',9,1),(526,'2023-11-29 11:47:08.731000','33','Intel Core i5-11400H',1,'[{\"added\": {}}]',9,1),(527,'2023-11-29 11:47:15.248000','34','Intel Core i5-10300H',1,'[{\"added\": {}}]',9,1),(528,'2023-11-29 11:47:23.791000','35','Intel Core i7-7700HQ',1,'[{\"added\": {}}]',9,1),(529,'2023-11-29 11:47:30.555000','36','Intel Core i7-10750H',1,'[{\"added\": {}}]',9,1),(530,'2023-11-29 11:47:38.181000','37','Intel Core i7-13700H',1,'[{\"added\": {}}]',9,1),(531,'2023-11-29 11:47:47.269000','38','Intel Core i5-1240P',1,'[{\"added\": {}}]',9,1),(532,'2023-11-29 11:47:54.841000','39','Intel Core i7-1360P',1,'[{\"added\": {}}]',9,1),(533,'2023-11-29 11:48:03.682000','40','Intel Core i7-1260P',1,'[{\"added\": {}}]',9,1),(534,'2023-11-29 11:48:12.354000','41','Intel Core i7-1165G7',1,'[{\"added\": {}}]',9,1),(535,'2023-11-29 11:48:21.438000','42','Intel Core i5-1335u',1,'[{\"added\": {}}]',9,1),(536,'2023-11-29 11:48:30.291000','43','Intel Core i5-13500H',1,'[{\"added\": {}}]',9,1),(537,'2023-11-29 11:48:40.137000','44','Intel Core i7-8750H',1,'[{\"added\": {}}]',9,1),(538,'2023-11-29 11:48:52.253000','45','Intel Core i5-1340P',1,'[{\"added\": {}}]',9,1),(539,'2023-11-29 11:49:02.844000','46','Intel Core i3-1005G1',1,'[{\"added\": {}}]',9,1),(540,'2023-11-29 11:49:15.738000','47','Intel Core i5-1235U',1,'[{\"added\": {}}]',9,1),(541,'2023-11-29 11:49:31.627000','48','Intel Core i5-8250U',1,'[{\"added\": {}}]',9,1),(542,'2023-11-29 11:49:42.717000','49','Intel Core i7-1355U',1,'[{\"added\": {}}]',9,1),(543,'2023-11-29 11:50:47.523000','50','Intel® Iris® Xe Graphics',1,'[{\"added\": {}}]',9,1),(544,'2023-11-29 11:51:01.809000','51','Intel Core i3-1215U',1,'[{\"added\": {}}]',9,1),(545,'2023-11-29 11:51:27.732000','52','Intel Core i5-10210U',1,'[{\"added\": {}}]',9,1),(546,'2023-11-29 11:51:39.413000','53','Intel Core i5-1135G7',1,'[{\"added\": {}}]',9,1),(547,'2023-11-29 11:52:55.210000','53','Intel Core i5-1135G7',3,'',9,1),(548,'2023-11-29 11:52:55.215000','52','Intel Core i5-10210U',3,'',9,1),(549,'2023-11-29 11:52:55.219000','51','Intel Core i3-1215U',3,'',9,1),(550,'2023-11-29 11:52:55.223000','50','Intel® Iris® Xe Graphics',3,'',9,1),(551,'2023-11-29 11:52:55.227000','49','Intel Core i7-1355U',3,'',9,1),(552,'2023-11-29 11:52:55.232000','48','Intel Core i5-8250U',3,'',9,1),(553,'2023-11-29 11:52:55.239000','47','Intel Core i5-1235U',3,'',9,1),(554,'2023-11-29 11:52:55.245000','46','Intel Core i3-1005G1',3,'',9,1),(555,'2023-11-29 11:52:55.251000','45','Intel Core i5-1340P',3,'',9,1),(556,'2023-11-29 11:52:55.258000','44','Intel Core i7-8750H',3,'',9,1),(557,'2023-11-29 11:52:55.263000','43','Intel Core i5-13500H',3,'',9,1),(558,'2023-11-29 11:52:55.267000','42','Intel Core i5-1335u',3,'',9,1),(559,'2023-11-29 11:52:55.272000','41','Intel Core i7-1165G7',3,'',9,1),(560,'2023-11-29 11:52:55.277000','40','Intel Core i7-1260P',3,'',9,1),(561,'2023-11-29 11:52:55.285000','39','Intel Core i7-1360P',3,'',9,1),(562,'2023-11-29 11:52:55.289000','38','Intel Core i5-1240P',3,'',9,1),(563,'2023-11-29 11:52:55.295000','37','Intel Core i7-13700H',3,'',9,1),(564,'2023-11-29 11:52:55.299000','36','Intel Core i7-10750H',3,'',9,1),(565,'2023-11-29 11:52:55.304000','35','Intel Core i7-7700HQ',3,'',9,1),(566,'2023-11-29 11:52:55.310000','34','Intel Core i5-10300H',3,'',9,1),(567,'2023-11-29 11:52:55.314000','33','Intel Core i5-11400H',3,'',9,1),(568,'2023-11-29 11:52:55.320000','32','Intel Core i7-13650HX',3,'',9,1),(569,'2023-11-29 11:52:55.324000','31','Intel Core i9-13900HX',3,'',9,1),(570,'2023-11-29 11:52:55.329000','30','Intel Core i5-12500H',3,'',9,1),(571,'2023-11-29 11:52:55.334000','29','Intel Core i3-1115G4',3,'',9,1),(572,'2023-11-29 11:52:55.340000','28','Intel Core i3-10110U',3,'',9,1),(573,'2023-11-29 11:52:55.346000','27','Intel Core i5-11300H',3,'',9,1),(574,'2023-11-29 11:52:55.350000','26','Intel Core i7-12700H',3,'',9,1),(575,'2023-11-29 11:53:47.512000','54','Intel® Iris® Xe Graphics',1,'[{\"added\": {}}]',9,1),(576,'2023-11-29 11:53:58.142000','55','Intel® UHD Graphics',1,'[{\"added\": {}}]',9,1),(577,'2023-11-29 11:54:11.554000','56','Intel® UHD Graphics 630',1,'[{\"added\": {}}]',9,1),(578,'2023-11-29 11:54:29.698000','57','Intel® UHD Graphics 520',1,'[{\"added\": {}}]',9,1),(579,'2023-11-29 11:55:06.706000','58','Intel® HD Graphics 520',1,'[{\"added\": {}}]',9,1),(580,'2023-11-29 11:55:35.229000','59','AMD Radeon™ RX 6700S 8GB GDDR6',1,'[{\"added\": {}}]',9,1),(581,'2023-11-29 11:55:46.326000','60','AMD Radeon Vega',1,'[{\"added\": {}}]',9,1),(582,'2023-11-29 11:55:54.129000','61','AMD Radeon Vega 3',1,'[{\"added\": {}}]',9,1),(583,'2023-11-29 11:56:05.883000','62','AMD Radeon Vega 8',1,'[{\"added\": {}}]',9,1),(584,'2023-11-29 11:56:14.961000','63','AMD Radeon™ 680M Graphics',1,'[{\"added\": {}}]',9,1),(585,'2023-11-29 11:56:26.921000','64','AMD Radeon™ Graphics',1,'[{\"added\": {}}]',9,1),(586,'2023-11-29 11:56:37.917000','65','AMD Radeon Vega 7',1,'[{\"added\": {}}]',9,1),(587,'2023-11-29 11:59:20.634000','1','CPU AMD Ryzen 5-4600G',1,'[{\"added\": {}}]',11,1),(588,'2023-11-29 11:59:47.867000','2','CPU AMD Ryzen 5-5600X',1,'[{\"added\": {}}]',11,1),(589,'2023-11-29 12:00:27.914000','3','CPU Intel Core i3-13100',1,'[{\"added\": {}}]',11,1),(590,'2023-11-29 12:00:57.280000','4','CPU Intel Core i5-13400',1,'[{\"added\": {}}]',11,1),(591,'2023-11-29 12:01:22.557000','5','CPU Intel Core i3-13100F',1,'[{\"added\": {}}]',11,1),(592,'2023-11-29 12:02:01.004000','6','CPU Intel Core i5-13400F',1,'[{\"added\": {}}]',11,1),(593,'2023-11-29 12:03:38.701000','66','Intel® UHD Graphics 610',1,'[{\"added\": {}}]',9,1),(594,'2023-11-29 12:04:17.866000','7','CPU Intel Pentium Gold-G6405',1,'[{\"added\": {}}]',11,1),(595,'2023-11-29 12:04:51.370000','8','CPU Intel Celeron-G5900',1,'[{\"added\": {}}]',11,1),(596,'2023-11-29 12:05:41.169000','9','CPU Intel Core i3-9100',1,'[{\"added\": {}}]',11,1),(597,'2023-11-29 12:06:13.898000','10','CPU Intel Core i5-10400',1,'[{\"added\": {}}]',11,1),(598,'2023-11-29 12:06:22.610000','11','AMD Ryzen 7-6800H',1,'[{\"added\": {}}]',11,1),(599,'2023-11-29 12:07:09.013000','12','AMD Ryzen 7-6800HS',1,'[{\"added\": {}}]',11,1),(600,'2023-11-29 12:07:13.252000','13','AMD Ryzen 9-7940HS',1,'[{\"added\": {}}]',11,1),(601,'2023-11-29 12:07:16.855000','14','AMD Ryzen 5-7520U',1,'[{\"added\": {}}]',11,1),(602,'2023-11-29 12:07:21.215000','15','AMD Ryzen 7-7735HS',1,'[{\"added\": {}}]',11,1),(603,'2023-11-29 12:07:26.749000','16','AMD Ryzen 5-3500U',1,'[{\"added\": {}}]',11,1),(604,'2023-11-29 12:07:32.749000','17','AMD Ryzen 5-3450U',1,'[{\"added\": {}}]',11,1),(605,'2023-11-29 12:07:39.710000','18','AMD Ryzen 3-3250U',1,'[{\"added\": {}}]',11,1),(606,'2023-11-29 12:07:47.086000','19','AMD Ryzen 7-7840HS',1,'[{\"added\": {}}]',11,1),(607,'2023-11-29 12:07:53.263000','20','AMD Ryzen 5-7535HS',1,'[{\"added\": {}}]',11,1),(608,'2023-11-29 12:08:01.302000','21','AMD Ryzen 9-6900HS',1,'[{\"added\": {}}]',11,1),(609,'2023-11-29 12:08:08.969000','22','AMD Ryzen 7-6850U',1,'[{\"added\": {}}]',11,1),(610,'2023-11-29 12:08:16.633000','23','AMD Ryzen 7-7730U',1,'[{\"added\": {}}]',11,1),(611,'2023-11-29 12:08:25.698000','24','AMD Ryzen 5-5600H',1,'[{\"added\": {}}]',11,1),(612,'2023-11-29 12:08:35.306000','25','AMD Ryzen 7-5825U',1,'[{\"added\": {}}]',11,1),(613,'2023-11-29 12:09:24.969000','26','Intel Core i7-12700H',1,'[{\"added\": {}}]',11,1),(614,'2023-11-29 12:09:28.156000','27','Intel Core i5-11300H',1,'[{\"added\": {}}]',11,1),(615,'2023-11-29 12:09:31.614000','28','Intel Core i3-10110U',1,'[{\"added\": {}}]',11,1),(616,'2023-11-29 12:09:35.003000','29','Intel Core i3-1115G4',1,'[{\"added\": {}}]',11,1),(617,'2023-11-29 12:09:39.072000','30','Intel Core i5-12500H',1,'[{\"added\": {}}]',11,1),(618,'2023-11-29 12:09:43.487000','31','Intel Core i9-13900HX',1,'[{\"added\": {}}]',11,1),(619,'2023-11-29 12:09:48.700000','32','Intel Core i7-13650HX',1,'[{\"added\": {}}]',11,1),(620,'2023-11-29 12:09:55.013000','33','Intel Core i5-11400H',1,'[{\"added\": {}}]',11,1),(621,'2023-11-29 12:10:01.393000','34','Intel Core i5-10300H',1,'[{\"added\": {}}]',11,1),(622,'2023-11-29 12:10:07.907000','35','Intel Core i7-7700HQ',1,'[{\"added\": {}}]',11,1),(623,'2023-11-29 12:10:14.452000','36','Intel Core i7-10750H',1,'[{\"added\": {}}]',11,1),(624,'2023-11-29 12:10:22.919000','37','Intel Core i7-13700H',1,'[{\"added\": {}}]',11,1),(625,'2023-11-29 12:10:37.911000','38','Intel Core i5-1240P',1,'[{\"added\": {}}]',11,1),(626,'2023-11-29 12:10:45.936000','39','Intel Core i7-1360P',1,'[{\"added\": {}}]',11,1),(627,'2023-11-29 12:10:54.423000','40','Intel Core i7-1260P',1,'[{\"added\": {}}]',11,1),(628,'2023-11-29 12:11:03.940000','41','Intel Core i7-1165G7',1,'[{\"added\": {}}]',11,1),(629,'2023-11-29 12:11:15.200000','42','Intel Core i5-1335u',1,'[{\"added\": {}}]',11,1),(630,'2023-11-29 12:11:24.479000','43','Intel Core i5-13500H',1,'[{\"added\": {}}]',11,1),(631,'2023-11-29 12:11:35.151000','44','Intel Core i7-8750H',1,'[{\"added\": {}}]',11,1),(632,'2023-11-29 12:11:46.264000','45','Intel Core i5-1340P',1,'[{\"added\": {}}]',11,1),(633,'2023-11-29 12:11:56.350000','46','Intel Core i3-1005G1',1,'[{\"added\": {}}]',11,1),(634,'2023-11-29 12:12:08.604000','47','Intel Core i5-1235U',1,'[{\"added\": {}}]',11,1),(635,'2023-11-29 12:12:23.795000','48','Intel Core i5-8250U',1,'[{\"added\": {}}]',11,1),(636,'2023-11-29 12:12:37.468000','49','Intel Core i7-1355U',1,'[{\"added\": {}}]',11,1),(637,'2023-11-29 12:14:29.522000','50','Intel Core i7-1185G7',1,'[{\"added\": {}}]',11,1),(638,'2023-11-29 12:15:00.434000','51','Intel Core i5-1135G7',1,'[{\"added\": {}}]',11,1),(639,'2023-11-29 12:15:08.981000','52','Intel Core i5-10210U',1,'[{\"added\": {}}]',11,1),(640,'2023-11-29 12:15:23.888000','53','Intel Core i5-6200U',1,'[{\"added\": {}}]',11,1),(641,'2023-11-29 12:15:52.272000','54','Intel Core i3-1215U',1,'[{\"added\": {}}]',11,1),(642,'2023-11-29 13:02:52.948000','1','Laptop ASUS ROG Strix G16 G614JV-N4261W',1,'[{\"added\": {}}]',25,1),(643,'2023-11-29 13:03:45.174000','2','Laptop ASUS ROG Zephyrus G14 GA402NJ-L4056W',1,'[{\"added\": {}}]',25,1),(644,'2023-11-29 13:05:08.927000','3','Laptop ASUS TUF Gaming F15 FX507ZU4 LP054W',1,'[{\"added\": {}}]',25,1),(645,'2023-11-29 13:06:13.684000','4','Laptop Asus TUF Gaming F15 FX506LHB-HN188W',1,'[{\"added\": {}}]',25,1),(646,'2023-11-29 13:06:57.679000','5','Laptop Asus ROG Strix 2022 G17 G713RM-LL016W',1,'[{\"added\": {}}]',25,1),(647,'2023-11-29 13:07:45.919000','6','Laptop Asus ROG Zephyrus G15 GA503RM-LN006W',1,'[{\"added\": {}}]',25,1),(648,'2023-11-29 13:08:20.739000','7','Laptop ASUS ROG Zephyrus G14 GA402RJ-L8030W',1,'[{\"added\": {}}]',25,1),(649,'2023-11-29 13:09:47.450000','8','Laptop Gaming ASUS ROG FLOW X16 2023',1,'[{\"added\": {}}]',25,1),(650,'2023-11-29 13:10:29.479000','9','Laptop Gaming ASUS ROG Zephyrus G14 2023',1,'[{\"added\": {}}]',25,1),(651,'2023-11-29 13:11:08.272000','10','Laptop Gaming ASUS ROG Flow X13 2023 GV302XI',1,'[{\"added\": {}}]',25,1),(652,'2023-11-29 13:12:21.512000','11','Laptop Gaming ASUS ROG FLOW Z13 2023 GZ301',1,'[{\"added\": {}}]',25,1),(653,'2023-11-29 13:14:17.086000','12','Laptop Asus TUF Gaming F15 FX507ZC',1,'[{\"added\": {}}]',25,1),(654,'2023-11-29 13:16:05.207000','13','Laptop ASUS Zenbook Pro 14 OLED UX6404VV-P4069W',1,'[{\"added\": {}}]',25,1),(655,'2023-11-29 13:17:17.041000','14','Laptop Asus Zenbook 14 OLED UX3402VA-KM085W',1,'[{\"added\": {}}]',25,1),(656,'2023-11-29 13:18:57.354000','15','Laptop Asus Vivobook 15X OLED S3504VA L1226W',1,'[{\"added\": {}}]',25,1),(657,'2023-11-29 13:19:59.412000','16','Laptop Asus Vivobook S5402ZA-IS74-M003Y0',1,'[{\"added\": {}}]',25,1),(658,'2023-11-29 13:21:32.208000','17','Laptop Asus Vivobook K3500P',1,'[{\"added\": {}}]',25,1),(659,'2023-11-29 13:22:27.328000','18','Laptop ASUS Vivobook Go 14 E1404FA-NK177W',1,'[{\"added\": {}}]',25,1),(660,'2023-11-29 13:23:39.732000','19','Laptop HP Pavilion 14-DV2051TU 6K7G8PA',1,'[{\"added\": {}}]',25,1),(661,'2023-11-29 13:24:51.140000','20','Laptop Asus Expert Book P2451FA-BV3022',1,'[{\"added\": {}}]',25,1),(662,'2023-11-29 13:25:32.072000','21','Laptop Asus Vivobook 15 A515EA-BQ1530W',1,'[{\"added\": {}}]',25,1),(663,'2023-11-29 13:26:46.491000','22','Laptop Asus Vivobook 14X OLED A1403ZA-KM161W',1,'[{\"added\": {}}]',25,1),(664,'2023-11-29 13:27:51.391000','23','Laptop Asus Vivobook X515EP EJ405W',1,'[{\"added\": {}}]',25,1),(665,'2023-11-29 13:28:28.537000','24','Laptop Asus Vivobook A15 A515EA L12033T',1,'[{\"added\": {}}]',25,1),(666,'2023-11-29 13:29:25.675000','25','Laptop Dell Gaming G16 7630 R1948W',1,'[{\"added\": {}}]',25,1),(667,'2023-11-29 13:30:13.579000','26','Laptop Dell Gaming G15 5530 i7H165W11GR4060',1,'[{\"added\": {}}]',25,1),(668,'2023-11-29 13:33:21.734000','27','Laptop Dell G15 5520',1,'[{\"added\": {}}]',25,1),(669,'2023-11-29 13:34:18.636000','28','Laptop Dell G15 5511',1,'[{\"added\": {}}]',25,1),(670,'2023-11-29 13:35:02.410000','29','Laptop Dell Inspiron 5577',1,'[{\"added\": {}}]',25,1),(671,'2023-11-29 13:35:57.418000','30','Laptop Dell Inspiron G7 7588',1,'[{\"added\": {}}]',25,1),(672,'2023-11-29 13:37:00.151000','31','Laptop Dell Vostro 3405-R1505D',1,'[{\"added\": {}}]',25,1),(673,'2023-11-29 13:37:48.483000','32','Laptop Dell Inspiron G5 15 5500',1,'[{\"added\": {}}]',25,1),(674,'2023-11-29 13:39:18.859000','33','Laptop Dell Inspiron 3505-0M1T4',1,'[{\"added\": {}}]',25,1),(675,'2023-11-29 13:39:58.820000','34','Laptop Dell Inspiron N3505 Y1N1T1',1,'[{\"added\": {}}]',25,1),(676,'2023-11-29 13:41:00.796000','35','Laptop Dell Alienware X16 R1 (2023)',1,'[{\"added\": {}}]',25,1),(677,'2023-11-29 13:42:16.915000','36','Laptop Dell G16 7620',1,'[{\"added\": {}}]',25,1),(678,'2023-11-29 13:44:00.261000','37','Laptop Dell Inspiron 14 5430 i5P165W11SLD2',1,'[{\"added\": {}}]',25,1),(679,'2023-11-29 13:45:16.275000','38','Laptop Dell XPS 13 Plus 9320',1,'[{\"added\": {}}]',25,1),(680,'2023-11-29 13:46:27.672000','39','Laptop Dell Vostro 5630 i5P085W11GRU',1,'[{\"added\": {}}]',25,1),(681,'2023-11-29 13:48:02.244000','40','Laptop Dell Inspiron 13 5330 R1808S',1,'[{\"added\": {}}]',25,1),(682,'2023-11-29 13:49:36.105000','41','Laptop Dell Inspiron 14 7430 2 in 1 CN29D',1,'[{\"added\": {}}]',25,1),(683,'2023-11-29 13:51:31.269000','42','Laptop Dell Inspiron 16 7620',1,'[{\"added\": {}}]',25,1),(684,'2023-11-29 13:59:16.075000','43','Laptop Dell XPS 13 9305',1,'[{\"added\": {}}]',25,1),(685,'2023-11-29 14:00:36.881000','44','Laptop Dell Vostro 15 3530 80GG9',1,'[{\"added\": {}}]',25,1),(686,'2023-11-29 14:03:41.658000','45','Laptop Lenovo Legion Slim 5 16IRH8 82YA00BUVN',1,'[{\"added\": {}}]',25,1),(687,'2023-11-29 14:04:30.303000','46','Laptop LENOVO Legion Slim 5 16APH8 82Y9002YVN',1,'[{\"added\": {}}]',25,1),(688,'2023-11-29 14:06:51.154000','47','Laptop Lenovo Legion Slim 5 16IRH8 82YA008HVN',1,'[{\"added\": {}}]',25,1),(689,'2023-11-29 14:08:25.054000','48','Laptop Lenovo Legion Slim 5 16IRH8 82YA00BSVN',1,'[{\"added\": {}}]',25,1),(690,'2023-11-29 14:09:39.901000','49','Laptop Lenovo Ideapad Gaming 3 15ARH7 82SB00JUVN',1,'[{\"added\": {}}]',25,1),(691,'2023-11-29 14:11:43.688000','50','Laptop Gaming Mới Legion Y530',1,'[{\"added\": {}}]',25,1),(692,'2023-11-29 14:12:57.129000','51','Laptop Lenovo Ideapad Gaming 3 15IHU6 82K100LNUS',1,'[{\"added\": {}}]',25,1),(693,'2023-11-29 14:14:56.266000','52','Laptop LENOVO Legion 5 15ARH7 82RE0035VN 2022',1,'[{\"added\": {}}]',25,1),(694,'2023-11-29 14:18:41.000000','53','Laptop Lenovo Slim 7 ProX 14ARH7 82V20003US',1,'[{\"added\": {}}]',25,1),(695,'2023-11-29 14:22:35.000000','54','Laptop Lenovo ThinkPad T16 Gen 1 21CH000JUS',1,'[{\"added\": {}}]',25,1),(696,'2023-11-29 14:41:25.200000','55','Laptop Lenovo IdeaPad Slim 5 Light 14ABR8 82XS0007VN',1,'[{\"added\": {}}]',25,1),(697,'2023-11-29 14:43:49.118000','56','Laptop Lenovo Slim 7 14IRP8 83A40005US - Intel Core i5-1340P',1,'[{\"added\": {}}]',25,1),(698,'2023-11-29 14:45:37.087000','57','Laptop Lenovo IdeaPad 5 Pro 16ACH6 82L500F5US',1,'[{\"added\": {}}]',25,1),(699,'2023-11-29 14:47:01.617000','58','Laptop Lenovo Ideapad 5 Pro 14IAP7 82SH0004US',1,'[{\"added\": {}}]',25,1),(700,'2023-11-29 14:49:07.717000','59','Laptop Lenovo IdeaPad 3 14IIL05 81WD00BFVN',1,'[{\"added\": {}}]',25,1),(701,'2023-11-29 14:50:57.093000','60','Laptop Lenovo V14 G3 IAP 82TS00AXVN',1,'[{\"added\": {}}]',25,1),(702,'2023-11-29 15:00:24.857000','61','Laptop Lenovo Thinkpad L480',1,'[{\"added\": {}}]',25,1),(703,'2023-11-29 15:01:35.284000','62','Laptop Lenovo IdeaPad 3 14ABA7 82RM003UVN (2022)',1,'[{\"added\": {}}]',25,1),(704,'2023-11-29 15:03:05.557000','63','Laptop Lenovo Thinkpad E14 Gen 2-ITU 20TA002LVA',1,'[{\"added\": {}}]',25,1),(705,'2023-11-29 15:04:37.826000','64','Laptop HP Envy x360 2 in 1 15-fe0053dx 7H9Y3UA',1,'[{\"added\": {}}]',25,1),(706,'2023-11-29 15:06:03.730000','65','Laptop HP Pavilion X360 14-EK0057TU 6K7E0PA',1,'[{\"added\": {}}]',25,1),(707,'2023-11-29 15:07:06.355000','66','Laptop HP Pavilion 15 EG2084TU 7C0Q6PA',1,'[{\"added\": {}}]',25,1),(708,'2023-11-29 15:09:02.356000','67','Laptop HP 15s-fq5163TU 7C135PA',1,'[{\"added\": {}}]',25,1),(709,'2023-11-29 15:10:18.577000','68','Laptop HP Elitebook 840 G8',1,'[{\"added\": {}}]',25,1),(710,'2023-11-29 15:11:41.643000','69','Laptop HP ProBook 440 G7',1,'[{\"added\": {}}]',25,1),(711,'2023-11-29 15:13:36.240000','70','Laptop HP Notebook 14s cr2005tu',1,'[{\"added\": {}}]',25,1),(712,'2023-11-29 15:14:14.677000','71','Laptop HP Elitebook 840 G3',1,'[{\"added\": {}}]',25,1),(713,'2023-11-29 15:15:02.094000','72','Laptop HP Probook 640 G2',1,'[{\"added\": {}}]',25,1),(714,'2023-11-29 15:17:45.786000','73','Laptop HP 15 dy2089ms 4W2K3UA',1,'[{\"added\": {}}]',25,1),(715,'2023-11-29 15:18:34.994000','74','Laptop HP Pavilion 15-EG2062TU 6K790PA',1,'[{\"added\": {}}]',25,1),(716,'2023-11-29 15:26:13.045000','1','Laptop ASUS ROG Strix G16 G614JV-N4261W',1,'[{\"added\": {}}]',15,1),(717,'2023-11-29 15:26:22.884000','2','Laptop ASUS ROG Strix G16 G614JV-N4261W',1,'[{\"added\": {}}]',15,1),(718,'2023-11-29 15:26:30.073000','3','Laptop ASUS ROG Strix G16 G614JV-N4261W',1,'[{\"added\": {}}]',15,1),(719,'2023-11-29 15:26:39.484000','4','Laptop ASUS ROG Zephyrus G14 GA402NJ-L4056W',1,'[{\"added\": {}}]',15,1),(720,'2023-11-29 15:26:48.369000','5','Laptop ASUS ROG Zephyrus G14 GA402NJ-L4056W',1,'[{\"added\": {}}]',15,1),(721,'2023-11-29 15:26:54.985000','6','Laptop ASUS ROG Zephyrus G14 GA402NJ-L4056W',1,'[{\"added\": {}}]',15,1),(722,'2023-11-29 15:29:13.735000','7','Laptop ASUS TUF Gaming F15 FX507ZU4 LP054W',1,'[{\"added\": {}}]',15,1),(723,'2023-11-29 15:29:21.604000','8','Laptop ASUS TUF Gaming F15 FX507ZU4 LP054W',1,'[{\"added\": {}}]',15,1),(724,'2023-11-29 15:29:30.970000','9','Laptop ASUS TUF Gaming F15 FX507ZU4 LP054W',1,'[{\"added\": {}}]',15,1),(725,'2023-11-29 15:29:50.692000','10','Laptop Asus TUF Gaming F15 FX506LHB-HN188W',1,'[{\"added\": {}}]',15,1),(726,'2023-11-29 15:29:59.672000','11','Laptop Asus TUF Gaming F15 FX506LHB-HN188W',1,'[{\"added\": {}}]',15,1),(727,'2023-11-29 15:30:09.743000','12','Laptop Asus TUF Gaming F15 FX506LHB-HN188W',1,'[{\"added\": {}}]',15,1),(728,'2023-11-29 15:30:40.748000','13','Laptop Asus ROG Strix 2022 G17 G713RM-LL016W',1,'[{\"added\": {}}]',15,1),(729,'2023-11-29 15:30:49.278000','14','Laptop Asus ROG Strix 2022 G17 G713RM-LL016W',1,'[{\"added\": {}}]',15,1),(730,'2023-11-29 15:30:54.718000','15','Laptop Asus ROG Strix 2022 G17 G713RM-LL016W',1,'[{\"added\": {}}]',15,1),(731,'2023-11-29 15:31:21.222000','16','Laptop Asus ROG Zephyrus G15 GA503RM-LN006W',1,'[{\"added\": {}}]',15,1),(732,'2023-11-29 15:31:24.240000','17','Laptop Asus ROG Zephyrus G15 GA503RM-LN006W',1,'[{\"added\": {}}]',15,1),(733,'2023-11-29 15:31:43.996000','18','Laptop Asus ROG Zephyrus G15 GA503RM-LN006W',1,'[{\"added\": {}}]',15,1),(734,'2023-11-29 15:31:55.794000','19','Laptop Asus ROG Zephyrus G15 GA503RM-LN006W',1,'[{\"added\": {}}]',15,1),(735,'2023-11-29 15:32:05.986000','20','Laptop ASUS ROG Zephyrus G14 GA402RJ-L8030W',1,'[{\"added\": {}}]',15,1),(736,'2023-11-29 15:32:21.930000','21','Laptop ASUS ROG Zephyrus G14 GA402RJ-L8030W',1,'[{\"added\": {}}]',15,1),(737,'2023-11-29 15:32:34.039000','22','Laptop ASUS ROG Zephyrus G14 GA402RJ-L8030W',1,'[{\"added\": {}}]',15,1),(738,'2023-11-29 15:32:59.501000','23','Laptop Gaming ASUS ROG FLOW X16 2023',1,'[{\"added\": {}}]',15,1),(739,'2023-11-29 15:33:10.775000','24','Laptop Gaming ASUS ROG FLOW X16 2023',1,'[{\"added\": {}}]',15,1),(740,'2023-11-29 15:33:19.932000','25','Laptop Gaming ASUS ROG FLOW X16 2023',1,'[{\"added\": {}}]',15,1),(741,'2023-11-29 15:33:32.717000','26','Laptop Gaming ASUS ROG Zephyrus G14 2023',1,'[{\"added\": {}}]',15,1),(742,'2023-11-29 15:33:44.581000','27','Laptop Gaming ASUS ROG Zephyrus G14 2023',1,'[{\"added\": {}}]',15,1),(743,'2023-11-29 15:34:03.458000','28','Laptop Gaming ASUS ROG Zephyrus G14 2023',1,'[{\"added\": {}}]',15,1),(744,'2023-11-29 15:34:44.943000','29','Laptop Gaming ASUS ROG Flow X13 2023 GV302XI',1,'[{\"added\": {}}]',15,1),(745,'2023-11-29 15:35:08.303000','30','Laptop Gaming ASUS ROG Flow X13 2023 GV302XI',1,'[{\"added\": {}}]',15,1),(746,'2023-11-29 15:35:25.329000','31','Laptop Gaming ASUS ROG Flow X13 2023 GV302XI',1,'[{\"added\": {}}]',15,1),(747,'2023-11-29 15:35:52.850000','32','Laptop Gaming ASUS ROG FLOW Z13 2023 GZ301',1,'[{\"added\": {}}]',15,1),(748,'2023-11-29 15:36:00.667000','33','Laptop Gaming ASUS ROG FLOW Z13 2023 GZ301',1,'[{\"added\": {}}]',15,1),(749,'2023-11-29 15:36:10.468000','34','Laptop Gaming ASUS ROG FLOW Z13 2023 GZ301',1,'[{\"added\": {}}]',15,1),(750,'2023-11-29 15:36:29.809000','35','Laptop Asus TUF Gaming F15 FX507ZC',1,'[{\"added\": {}}]',15,1),(751,'2023-11-29 15:36:40.600000','36','Laptop Asus TUF Gaming F15 FX507ZC',1,'[{\"added\": {}}]',15,1),(752,'2023-11-29 15:36:54.119000','37','Laptop Asus TUF Gaming F15 FX507ZC',1,'[{\"added\": {}}]',15,1),(753,'2023-11-29 15:37:10.775000','38','Laptop ASUS Zenbook Pro 14 OLED UX6404VV-P4069W',1,'[{\"added\": {}}]',15,1),(754,'2023-11-29 15:37:22.985000','39','Laptop ASUS Zenbook Pro 14 OLED UX6404VV-P4069W',1,'[{\"added\": {}}]',15,1),(755,'2023-11-29 15:37:44.019000','40','Laptop ASUS Zenbook Pro 14 OLED UX6404VV-P4069W',1,'[{\"added\": {}}]',15,1),(756,'2023-11-29 15:38:01.634000','41','Laptop Asus Zenbook 14 OLED UX3402VA-KM085W',1,'[{\"added\": {}}]',15,1),(757,'2023-11-29 15:38:11.539000','42','Laptop Asus Zenbook 14 OLED UX3402VA-KM085W',1,'[{\"added\": {}}]',15,1),(758,'2023-11-29 15:38:31.248000','43','Laptop Asus Zenbook 14 OLED UX3402VA-KM085W',1,'[{\"added\": {}}]',15,1),(759,'2023-11-29 15:38:54.275000','44','Laptop Asus Vivobook 15X OLED S3504VA L1226W',1,'[{\"added\": {}}]',15,1),(760,'2023-11-29 15:39:17.786000','45','Laptop Asus Vivobook 15X OLED S3504VA L1226W',1,'[{\"added\": {}}]',15,1),(761,'2023-11-29 15:39:32.584000','46','Laptop Asus Vivobook 15X OLED S3504VA L1226W',1,'[{\"added\": {}}]',15,1),(762,'2023-11-29 15:39:45.570000','47','Laptop Asus Vivobook S5402ZA-IS74-M003Y0',1,'[{\"added\": {}}]',15,1),(763,'2023-11-29 15:39:55.918000','48','Laptop Asus Vivobook S5402ZA-IS74-M003Y0',1,'[{\"added\": {}}]',15,1),(764,'2023-11-29 15:40:05.803000','49','Laptop Asus Vivobook S5402ZA-IS74-M003Y0',1,'[{\"added\": {}}]',15,1),(765,'2023-11-29 15:40:15.250000','50','Laptop Asus Vivobook K3500P',1,'[{\"added\": {}}]',15,1),(766,'2023-11-29 15:40:20.941000','51','Laptop Asus Vivobook K3500P',1,'[{\"added\": {}}]',15,1),(767,'2023-11-29 15:40:29.607000','52','Laptop Asus Vivobook K3500P',1,'[{\"added\": {}}]',15,1),(768,'2023-11-29 15:40:37.531000','53','Laptop Asus Vivobook K3500P',1,'[{\"added\": {}}]',15,1),(769,'2023-11-29 15:40:46.769000','54','Laptop ASUS Vivobook Go 14 E1404FA-NK177W',1,'[{\"added\": {}}]',15,1),(770,'2023-11-29 15:40:53.624000','55','Laptop ASUS Vivobook Go 14 E1404FA-NK177W',1,'[{\"added\": {}}]',15,1),(771,'2023-11-29 15:41:02.154000','56','Laptop ASUS Vivobook Go 14 E1404FA-NK177W',1,'[{\"added\": {}}]',15,1),(772,'2023-11-29 15:41:17.184000','57','Laptop HP Pavilion 14-DV2051TU 6K7G8PA',1,'[{\"added\": {}}]',15,1),(773,'2023-11-29 15:41:28.896000','58','Laptop HP Pavilion 14-DV2051TU 6K7G8PA',1,'[{\"added\": {}}]',15,1),(774,'2023-11-29 15:41:37.066000','59','Laptop HP Pavilion 14-DV2051TU 6K7G8PA',1,'[{\"added\": {}}]',15,1),(775,'2023-11-29 15:42:11.304000','60','Laptop Asus Expert Book P2451FA-BV3022',1,'[{\"added\": {}}]',15,1),(776,'2023-11-29 15:42:20.945000','61','Laptop Asus Expert Book P2451FA-BV3022',1,'[{\"added\": {}}]',15,1),(777,'2023-11-29 15:42:43.043000','62','Laptop Asus Expert Book P2451FA-BV3022',1,'[{\"added\": {}}]',15,1),(778,'2023-11-29 15:42:55.836000','63','Laptop Asus Expert Book P2451FA-BV3022',1,'[{\"added\": {}}]',15,1),(779,'2023-11-29 15:43:11.067000','64','Laptop Asus Vivobook 15 A515EA-BQ1530W',1,'[{\"added\": {}}]',15,1),(780,'2023-11-29 15:43:22.148000','65','Laptop Asus Vivobook 15 A515EA-BQ1530W',1,'[{\"added\": {}}]',15,1),(781,'2023-11-29 15:43:31.619000','66','Laptop Asus Vivobook 15 A515EA-BQ1530W',1,'[{\"added\": {}}]',15,1),(782,'2023-11-29 15:43:43.560000','67','Laptop Asus Vivobook 14X OLED A1403ZA-KM161W',1,'[{\"added\": {}}]',15,1),(783,'2023-11-29 15:43:53.350000','68','Laptop Asus Vivobook 14X OLED A1403ZA-KM161W',1,'[{\"added\": {}}]',15,1),(784,'2023-11-29 15:44:03.589000','69','Laptop Asus Vivobook 14X OLED A1403ZA-KM161W',1,'[{\"added\": {}}]',15,1),(785,'2023-11-29 15:44:18.844000','70','Laptop Asus Vivobook X515EP EJ405W',1,'[{\"added\": {}}]',15,1),(786,'2023-11-29 15:44:32.147000','71','Laptop Asus Vivobook X515EP EJ405W',1,'[{\"added\": {}}]',15,1),(787,'2023-11-29 15:44:47.400000','72','Laptop Asus Vivobook X515EP EJ405W',1,'[{\"added\": {}}]',15,1),(788,'2023-11-29 15:45:08.664000','73','Laptop Asus Vivobook A15 A515EA L12033T',1,'[{\"added\": {}}]',15,1),(789,'2023-11-29 15:45:25.056000','74','Laptop Asus Vivobook A15 A515EA L12033T',1,'[{\"added\": {}}]',15,1),(790,'2023-11-29 15:45:38.817000','75','Laptop Asus Vivobook A15 A515EA L12033T',1,'[{\"added\": {}}]',15,1),(791,'2023-11-29 15:45:51.475000','76','Laptop Dell Gaming G16 7630 R1948W',1,'[{\"added\": {}}]',15,1),(792,'2023-11-29 15:46:03.091000','77','Laptop Dell Gaming G16 7630 R1948W',1,'[{\"added\": {}}]',15,1),(793,'2023-11-29 15:46:32.091000','78','Laptop Dell Gaming G16 7630 R1948W',1,'[{\"added\": {}}]',15,1),(794,'2023-11-29 15:46:47.730000','79','Laptop Dell Gaming G15 5530 i7H165W11GR4060',1,'[{\"added\": {}}]',15,1),(795,'2023-11-29 15:47:06.533000','80','Laptop Dell Gaming G15 5530 i7H165W11GR4060',1,'[{\"added\": {}}]',15,1),(796,'2023-11-29 15:47:17.396000','81','Laptop Dell Gaming G15 5530 i7H165W11GR4060',1,'[{\"added\": {}}]',15,1),(797,'2023-11-29 15:48:52.472000','82','Laptop Dell G15 5520',1,'[{\"added\": {}}]',15,1),(798,'2023-11-29 15:49:03.271000','83','Laptop Dell G15 5520',1,'[{\"added\": {}}]',15,1),(799,'2023-11-29 15:49:11.802000','84','Laptop Dell G15 5520',1,'[{\"added\": {}}]',15,1),(800,'2023-11-29 15:49:34.966000','85','Laptop Dell G15 5511',1,'[{\"added\": {}}]',15,1),(801,'2023-11-29 15:49:43.579000','86','Laptop Dell G15 5511',1,'[{\"added\": {}}]',15,1),(802,'2023-11-29 15:49:51.877000','87','Laptop Dell G15 5511',1,'[{\"added\": {}}]',15,1),(803,'2023-11-29 15:50:03.399000','88','Laptop Dell Inspiron 5577',1,'[{\"added\": {}}]',15,1),(804,'2023-11-29 15:50:11.215000','89','Laptop Dell Inspiron 5577',1,'[{\"added\": {}}]',15,1),(805,'2023-11-29 15:50:20.508000','90','Laptop Dell Inspiron 5577',1,'[{\"added\": {}}]',15,1),(806,'2023-11-29 15:50:28.132000','91','Laptop Dell Inspiron 5577',1,'[{\"added\": {}}]',15,1),(807,'2023-11-29 15:50:40.105000','92','Laptop Dell Inspiron G7 7588',1,'[{\"added\": {}}]',15,1),(808,'2023-11-29 15:50:48.433000','93','Laptop Dell Inspiron G7 7588',1,'[{\"added\": {}}]',15,1),(809,'2023-11-29 15:50:57.880000','94','Laptop Dell Inspiron G7 7588',1,'[{\"added\": {}}]',15,1),(810,'2023-11-29 15:51:13.359000','95','Laptop Dell Vostro 3405-R1505D',1,'[{\"added\": {}}]',15,1),(811,'2023-11-29 15:51:22.690000','96','Laptop Dell Vostro 3405-R1505D',1,'[{\"added\": {}}]',15,1),(812,'2023-11-29 15:51:39.710000','97','Laptop Dell Vostro 3405-R1505D',1,'[{\"added\": {}}]',15,1),(813,'2023-11-29 15:51:50.148000','98','Laptop Dell Vostro 3405-R1505D',1,'[{\"added\": {}}]',15,1),(814,'2023-11-29 15:52:01.967000','99','Laptop Dell Inspiron G5 15 5500',1,'[{\"added\": {}}]',15,1),(815,'2023-11-29 15:52:09.880000','100','Laptop Dell Inspiron G5 15 5500',1,'[{\"added\": {}}]',15,1),(816,'2023-11-29 15:52:17.388000','101','Laptop Dell Inspiron G5 15 5500',1,'[{\"added\": {}}]',15,1),(817,'2023-11-29 15:52:27.396000','102','Laptop Dell Inspiron 3505-0M1T4',1,'[{\"added\": {}}]',15,1),(818,'2023-11-29 15:52:39.557000','103','Laptop Dell Inspiron 3505-0M1T4',1,'[{\"added\": {}}]',15,1),(819,'2023-11-29 15:52:46.823000','104','Laptop Dell Inspiron 3505-0M1T4',1,'[{\"added\": {}}]',15,1),(820,'2023-11-29 15:53:05.013000','105','Laptop Dell Inspiron N3505 Y1N1T1',1,'[{\"added\": {}}]',15,1),(821,'2023-11-29 15:53:11.832000','106','Laptop Dell Inspiron N3505 Y1N1T1',1,'[{\"added\": {}}]',15,1),(822,'2023-11-29 15:53:32.396000','107','Laptop Dell Inspiron N3505 Y1N1T1',1,'[{\"added\": {}}]',15,1),(823,'2023-11-29 15:53:42.981000','108','Laptop Dell Alienware X16 R1 (2023)',1,'[{\"added\": {}}]',15,1),(824,'2023-11-29 15:53:52.839000','109','Laptop Dell Alienware X16 R1 (2023)',1,'[{\"added\": {}}]',15,1),(825,'2023-11-29 15:54:03.662000','110','Laptop Dell Alienware X16 R1 (2023)',1,'[{\"added\": {}}]',15,1),(826,'2023-11-29 15:55:07.957000','111','Laptop Dell G16 7620',1,'[{\"added\": {}}]',15,1),(827,'2023-11-29 15:55:15.390000','112','Laptop Dell G16 7620',1,'[{\"added\": {}}]',15,1),(828,'2023-11-29 15:55:24.548000','113','Laptop Dell G16 7620',1,'[{\"added\": {}}]',15,1),(829,'2023-11-29 15:55:38.948000','114','Laptop Dell Inspiron 14 5430 i5P165W11SLD2',1,'[{\"added\": {}}]',15,1),(830,'2023-11-29 15:55:46.663000','115','Laptop Dell Inspiron 14 5430 i5P165W11SLD2',1,'[{\"added\": {}}]',15,1),(831,'2023-11-29 15:56:05.921000','116','Laptop Dell Inspiron 14 5430 i5P165W11SLD2',1,'[{\"added\": {}}]',15,1),(832,'2023-11-29 15:56:16.332000','117','Laptop Dell XPS 13 Plus 9320',1,'[{\"added\": {}}]',15,1),(833,'2023-11-29 15:56:28.997000','118','Laptop Dell XPS 13 Plus 9320',1,'[{\"added\": {}}]',15,1),(834,'2023-11-29 15:56:48.820000','119','Laptop Dell XPS 13 Plus 9320',1,'[{\"added\": {}}]',15,1),(835,'2023-11-29 15:56:59.830000','120','Laptop Dell Vostro 5630 i5P085W11GRU',1,'[{\"added\": {}}]',15,1),(836,'2023-11-29 15:57:23.653000','121','Laptop Dell Vostro 5630 i5P085W11GRU',1,'[{\"added\": {}}]',15,1),(837,'2023-11-29 15:57:38.186000','122','Laptop Dell Vostro 5630 i5P085W11GRU',1,'[{\"added\": {}}]',15,1),(838,'2023-11-29 15:57:47.305000','123','Laptop Dell Inspiron 13 5330 R1808S',1,'[{\"added\": {}}]',15,1),(839,'2023-11-29 15:58:01.706000','124','Laptop Dell Inspiron 13 5330 R1808S',1,'[{\"added\": {}}]',15,1),(840,'2023-11-29 15:58:18.360000','125','Laptop Dell Inspiron 13 5330 R1808S',1,'[{\"added\": {}}]',15,1),(841,'2023-11-29 15:58:52.927000','126','Laptop Dell Inspiron 14 7430 2 in 1 CN29D',1,'[{\"added\": {}}]',15,1),(842,'2023-11-29 15:59:03.527000','127','Laptop Dell Inspiron 14 7430 2 in 1 CN29D',1,'[{\"added\": {}}]',15,1),(843,'2023-11-29 15:59:22.486000','128','Laptop Dell Inspiron 14 7430 2 in 1 CN29D',1,'[{\"added\": {}}]',15,1),(844,'2023-11-29 15:59:41.993000','129','Laptop Dell Inspiron 16 7620',1,'[{\"added\": {}}]',15,1),(845,'2023-11-29 15:59:57.313000','130','Laptop Dell Inspiron 16 7620',1,'[{\"added\": {}}]',15,1),(846,'2023-11-29 16:00:11.810000','131','Laptop Dell Inspiron 16 7620',1,'[{\"added\": {}}]',15,1),(847,'2023-11-29 16:00:39.912000','132','Laptop Dell XPS 13 9305',1,'[{\"added\": {}}]',15,1),(848,'2023-11-29 16:00:54.153000','133','Laptop Dell XPS 13 9305',1,'[{\"added\": {}}]',15,1),(849,'2023-11-29 16:01:03.591000','134','Laptop Dell XPS 13 9305',1,'[{\"added\": {}}]',15,1),(850,'2023-11-29 16:01:12.516000','135','Laptop Dell Vostro 15 3530 80GG9',1,'[{\"added\": {}}]',15,1),(851,'2023-11-29 16:01:22.486000','136','Laptop Dell Vostro 15 3530 80GG9',1,'[{\"added\": {}}]',15,1),(852,'2023-11-29 16:01:36.470000','137','Laptop Dell Vostro 15 3530 80GG9',1,'[{\"added\": {}}]',15,1),(853,'2023-11-29 16:02:21.036000','138','Laptop Lenovo Legion Slim 5 16IRH8 82YA00BUVN',1,'[{\"added\": {}}]',15,1),(854,'2023-11-29 16:02:33.323000','139','Laptop Lenovo Legion Slim 5 16IRH8 82YA00BUVN',1,'[{\"added\": {}}]',15,1),(855,'2023-11-29 16:02:50.622000','140','Laptop Lenovo Legion Slim 5 16IRH8 82YA00BUVN',1,'[{\"added\": {}}]',15,1),(856,'2023-11-29 16:03:32.931000','141','Laptop LENOVO Legion Slim 5 16APH8 82Y9002YVN',1,'[{\"added\": {}}]',15,1),(857,'2023-11-29 16:03:47.808000','142','Laptop LENOVO Legion Slim 5 16APH8 82Y9002YVN',1,'[{\"added\": {}}]',15,1),(858,'2023-11-29 16:03:57.271000','143','Laptop LENOVO Legion Slim 5 16APH8 82Y9002YVN',1,'[{\"added\": {}}]',15,1),(859,'2023-11-29 16:04:39.146000','144','Laptop Lenovo Slim 7 ProX 14ARH7 82V20003US',1,'[{\"added\": {}}]',15,1),(860,'2023-11-29 16:05:13.952000','145','Laptop Lenovo Slim 7 ProX 14ARH7 82V20003US',1,'[{\"added\": {}}]',15,1),(861,'2023-11-29 16:05:28.942000','146','Laptop Lenovo Slim 7 ProX 14ARH7 82V20003US',1,'[{\"added\": {}}]',15,1),(862,'2023-11-29 16:05:40.108000','147','Laptop Lenovo Slim 7 ProX 14ARH7 82V20003US',1,'[{\"added\": {}}]',15,1),(863,'2023-11-29 16:06:08.657000','148','Laptop Lenovo Legion Slim 5 16IRH8 82YA008HVN',1,'[{\"added\": {}}]',15,1),(864,'2023-11-29 16:06:22.183000','149','Laptop Lenovo Legion Slim 5 16IRH8 82YA008HVN',1,'[{\"added\": {}}]',15,1),(865,'2023-11-29 16:06:34.892000','150','Laptop Lenovo Legion Slim 5 16IRH8 82YA008HVN',1,'[{\"added\": {}}]',15,1),(866,'2023-11-29 16:06:46.512000','151','Laptop Lenovo Legion Slim 5 16IRH8 82YA00BSVN',1,'[{\"added\": {}}]',15,1),(867,'2023-11-29 16:07:12.085000','152','Laptop Lenovo Legion Slim 5 16IRH8 82YA00BSVN',1,'[{\"added\": {}}]',15,1),(868,'2023-11-29 16:07:35.427000','153','Laptop Lenovo Legion Slim 5 16IRH8 82YA00BSVN',1,'[{\"added\": {}}]',15,1),(869,'2023-11-29 16:07:54.861000','154','Laptop Lenovo Ideapad Gaming 3 15ARH7 82SB00JUVN',1,'[{\"added\": {}}]',15,1),(870,'2023-11-29 16:08:05.531000','155','Laptop Lenovo Ideapad Gaming 3 15ARH7 82SB00JUVN',1,'[{\"added\": {}}]',15,1),(871,'2023-11-29 16:08:23.022000','156','Laptop Lenovo Ideapad Gaming 3 15ARH7 82SB00JUVN',1,'[{\"added\": {}}]',15,1),(872,'2023-11-29 16:08:35.605000','157','Laptop Lenovo Ideapad Gaming 3 15ARH7 82SB00JUVN',1,'[{\"added\": {}}]',15,1),(873,'2023-11-29 16:09:20.157000','158','Laptop Gaming Mới Legion Y530',1,'[{\"added\": {}}]',15,1),(874,'2023-11-29 16:09:31.991000','159','Laptop Gaming Mới Legion Y530',1,'[{\"added\": {}}]',15,1),(875,'2023-11-29 16:09:47.406000','160','Laptop Gaming Mới Legion Y530',1,'[{\"added\": {}}]',15,1),(876,'2023-11-29 16:11:07.504000','161','Laptop Lenovo Ideapad Gaming 3 15IHU6 82K100LNUS',1,'[{\"added\": {}}]',15,1),(877,'2023-11-29 16:11:18.796000','162','Laptop Lenovo Ideapad Gaming 3 15IHU6 82K100LNUS',1,'[{\"added\": {}}]',15,1),(878,'2023-11-29 16:11:38.755000','163','Laptop Lenovo Ideapad Gaming 3 15IHU6 82K100LNUS',1,'[{\"added\": {}}]',15,1),(879,'2023-11-29 16:11:57.310000','164','Laptop LENOVO Legion 5 15ARH7 82RE0035VN 2022',1,'[{\"added\": {}}]',15,1),(880,'2023-11-29 16:12:12.762000','165','Laptop LENOVO Legion 5 15ARH7 82RE0035VN 2022',1,'[{\"added\": {}}]',15,1),(881,'2023-11-29 16:12:32.715000','166','Laptop LENOVO Legion 5 15ARH7 82RE0035VN 2022',1,'[{\"added\": {}}]',15,1),(882,'2023-11-29 16:13:38.028000','167','Laptop Lenovo Slim 7 ProX 14ARH7 82V20003US',1,'[{\"added\": {}}]',15,1),(883,'2023-11-29 16:13:56.437000','168','Laptop Lenovo Slim 7 ProX 14ARH7 82V20003US',1,'[{\"added\": {}}]',15,1),(884,'2023-11-29 16:14:08.394000','169','Laptop Lenovo Slim 7 ProX 14ARH7 82V20003US',1,'[{\"added\": {}}]',15,1),(885,'2023-11-29 16:14:35.465000','170','Laptop Lenovo ThinkPad T16 Gen 1 21CH000JUS',1,'[{\"added\": {}}]',15,1),(886,'2023-11-29 16:14:47.535000','171','Laptop Lenovo ThinkPad T16 Gen 1 21CH000JUS',1,'[{\"added\": {}}]',15,1),(887,'2023-11-29 16:15:04.608000','172','Laptop Lenovo ThinkPad T16 Gen 1 21CH000JUS',1,'[{\"added\": {}}]',15,1),(888,'2023-11-29 16:15:27.942000','173','Laptop Lenovo IdeaPad Slim 5 Light 14ABR8 82XS0007VN',1,'[{\"added\": {}}]',15,1),(889,'2023-11-29 16:15:44.397000','174','Laptop Lenovo IdeaPad Slim 5 Light 14ABR8 82XS0007VN',1,'[{\"added\": {}}]',15,1),(890,'2023-11-29 16:15:54.800000','175','Laptop Lenovo IdeaPad Slim 5 Light 14ABR8 82XS0007VN',1,'[{\"added\": {}}]',15,1),(891,'2023-11-29 16:16:11.579000','176','Laptop Lenovo Slim 7 14IRP8 83A40005US - Intel Core i5-1340P',1,'[{\"added\": {}}]',15,1),(892,'2023-11-29 16:16:25.067000','177','Laptop Lenovo Slim 7 14IRP8 83A40005US - Intel Core i5-1340P',1,'[{\"added\": {}}]',15,1),(893,'2023-11-29 16:16:41.724000','178','Laptop Lenovo Slim 7 14IRP8 83A40005US - Intel Core i5-1340P',1,'[{\"added\": {}}]',15,1),(894,'2023-11-29 16:18:21.334000','179','Laptop Lenovo IdeaPad 5 Pro 16ACH6 82L500F5US',1,'[{\"added\": {}}]',15,1),(895,'2023-11-29 16:18:33.461000','180','Laptop Lenovo IdeaPad 5 Pro 16ACH6 82L500F5US',1,'[{\"added\": {}}]',15,1),(896,'2023-11-29 16:18:43.133000','181','Laptop Lenovo IdeaPad 5 Pro 16ACH6 82L500F5US',1,'[{\"added\": {}}]',15,1),(897,'2023-11-29 16:19:03.153000','182','Laptop Lenovo Ideapad 5 Pro 14IAP7 82SH0004US',1,'[{\"added\": {}}]',15,1),(898,'2023-11-29 16:19:19.474000','183','Laptop Lenovo Ideapad 5 Pro 14IAP7 82SH0004US',1,'[{\"added\": {}}]',15,1),(899,'2023-11-29 16:19:43.987000','184','Laptop Lenovo Ideapad 5 Pro 14IAP7 82SH0004US',1,'[{\"added\": {}}]',15,1),(900,'2023-11-29 16:20:05.369000','185','Laptop Lenovo IdeaPad 3 14IIL05 81WD00BFVN',1,'[{\"added\": {}}]',15,1),(901,'2023-11-29 16:20:17.142000','186','Laptop Lenovo IdeaPad 3 14IIL05 81WD00BFVN',1,'[{\"added\": {}}]',15,1),(902,'2023-11-29 16:20:32.875000','187','Laptop Lenovo IdeaPad 3 14IIL05 81WD00BFVN',1,'[{\"added\": {}}]',15,1),(903,'2023-11-29 16:20:54.967000','188','Laptop Lenovo V14 G3 IAP 82TS00AXVN',1,'[{\"added\": {}}]',15,1),(904,'2023-11-29 16:21:06.682000','189','Laptop Lenovo V14 G3 IAP 82TS00AXVN',1,'[{\"added\": {}}]',15,1),(905,'2023-11-29 16:21:28.755000','190','Laptop Lenovo V14 G3 IAP 82TS00AXVN',1,'[{\"added\": {}}]',15,1),(906,'2023-11-29 16:21:41.425000','191','Laptop Lenovo Thinkpad L480',1,'[{\"added\": {}}]',15,1),(907,'2023-11-29 16:21:52.315000','192','Laptop Lenovo Thinkpad L480',1,'[{\"added\": {}}]',15,1),(908,'2023-11-29 16:22:04.134000','193','Laptop Lenovo Thinkpad L480',1,'[{\"added\": {}}]',15,1),(909,'2023-11-29 16:22:20.590000','194','Laptop Lenovo IdeaPad 3 14ABA7 82RM003UVN (2022)',1,'[{\"added\": {}}]',15,1),(910,'2023-11-29 16:22:34.619000','195','Laptop Lenovo IdeaPad 3 14ABA7 82RM003UVN (2022)',1,'[{\"added\": {}}]',15,1),(911,'2023-11-29 16:22:43.437000','196','Laptop Lenovo IdeaPad 3 14ABA7 82RM003UVN (2022)',1,'[{\"added\": {}}]',15,1),(912,'2023-11-29 16:22:57.299000','197','Laptop Lenovo Thinkpad E14 Gen 2-ITU 20TA002LVA',1,'[{\"added\": {}}]',15,1),(913,'2023-11-29 16:23:09.031000','198','Laptop Lenovo Thinkpad E14 Gen 2-ITU 20TA002LVA',1,'[{\"added\": {}}]',15,1),(914,'2023-11-29 16:23:21.871000','199','Laptop Lenovo Thinkpad E14 Gen 2-ITU 20TA002LVA',1,'[{\"added\": {}}]',15,1),(915,'2023-11-29 16:28:20.406000','200','Laptop HP Envy x360 2 in 1 15-fe0053dx 7H9Y3UA',1,'[{\"added\": {}}]',15,1),(916,'2023-11-29 16:28:32.256000','201','Laptop HP Envy x360 2 in 1 15-fe0053dx 7H9Y3UA',1,'[{\"added\": {}}]',15,1),(917,'2023-11-29 16:28:57.729000','202','Laptop HP Envy x360 2 in 1 15-fe0053dx 7H9Y3UA',1,'[{\"added\": {}}]',15,1),(918,'2023-11-29 16:29:15.902000','203','Laptop HP Pavilion X360 14-EK0057TU 6K7E0PA',1,'[{\"added\": {}}]',15,1),(919,'2023-11-29 16:29:26.205000','204','Laptop HP Pavilion X360 14-EK0057TU 6K7E0PA',1,'[{\"added\": {}}]',15,1),(920,'2023-11-29 16:29:42.193000','205','Laptop HP Pavilion X360 14-EK0057TU 6K7E0PA',1,'[{\"added\": {}}]',15,1),(921,'2023-11-29 16:30:28.830000','206','Laptop HP Pavilion 15 EG2084TU 7C0Q6PA',1,'[{\"added\": {}}]',15,1),(922,'2023-11-29 16:30:40.790000','207','Laptop HP Pavilion 15 EG2084TU 7C0Q6PA',1,'[{\"added\": {}}]',15,1),(923,'2023-11-29 16:30:56.094000','208','Laptop HP Pavilion 15 EG2084TU 7C0Q6PA',1,'[{\"added\": {}}]',15,1),(924,'2023-11-29 16:32:06.831000','209','Laptop HP 15s-fq5163TU 7C135PA',1,'[{\"added\": {}}]',15,1),(925,'2023-11-29 16:32:24.577000','210','Laptop HP 15s-fq5163TU 7C135PA',1,'[{\"added\": {}}]',15,1),(926,'2023-11-29 16:32:36.115000','211','Laptop HP 15s-fq5163TU 7C135PA',1,'[{\"added\": {}}]',15,1),(927,'2023-11-29 16:32:49.379000','212','Laptop HP Elitebook 840 G8',1,'[{\"added\": {}}]',15,1),(928,'2023-11-29 16:33:00.140000','213','Laptop HP Elitebook 840 G8',1,'[{\"added\": {}}]',15,1),(929,'2023-11-29 16:33:17.242000','214','Laptop HP Elitebook 840 G8',1,'[{\"added\": {}}]',15,1),(930,'2023-11-29 16:33:41.164000','215','Laptop HP ProBook 440 G7',1,'[{\"added\": {}}]',15,1),(931,'2023-11-29 16:33:53.316000','216','Laptop HP ProBook 440 G7',1,'[{\"added\": {}}]',15,1),(932,'2023-11-29 16:34:11.993000','217','Laptop HP ProBook 440 G7',1,'[{\"added\": {}}]',15,1),(933,'2023-11-29 16:34:27.723000','218','Laptop HP Notebook 14s cr2005tu',1,'[{\"added\": {}}]',15,1),(934,'2023-11-29 16:34:41.909000','219','Laptop HP Notebook 14s cr2005tu',1,'[{\"added\": {}}]',15,1),(935,'2023-11-29 16:34:59.073000','220','Laptop HP Notebook 14s cr2005tu',1,'[{\"added\": {}}]',15,1),(936,'2023-11-29 16:35:13.111000','221','Laptop HP Elitebook 840 G3',1,'[{\"added\": {}}]',15,1),(937,'2023-11-29 16:35:24.641000','222','Laptop HP Elitebook 840 G3',1,'[{\"added\": {}}]',15,1),(938,'2023-11-29 16:35:38.985000','223','Laptop HP Elitebook 840 G3',1,'[{\"added\": {}}]',15,1),(939,'2023-11-29 16:35:51.981000','224','Laptop HP Probook 640 G2',1,'[{\"added\": {}}]',15,1),(940,'2023-11-29 16:36:15.769000','225','Laptop HP Probook 640 G2',1,'[{\"added\": {}}]',15,1),(941,'2023-11-29 16:36:27.663000','226','Laptop HP Probook 640 G2',1,'[{\"added\": {}}]',15,1),(942,'2023-11-29 16:36:43.358000','227','Laptop HP 15 dy2089ms 4W2K3UA',1,'[{\"added\": {}}]',15,1),(943,'2023-11-29 16:37:09.742000','228','Laptop HP 15 dy2089ms 4W2K3UA',1,'[{\"added\": {}}]',15,1),(944,'2023-11-29 16:37:26.673000','229','Laptop HP 15 dy2089ms 4W2K3UA',1,'[{\"added\": {}}]',15,1),(945,'2023-11-29 16:37:40.008000','230','Laptop HP Pavilion 15-EG2062TU 6K790PA',1,'[{\"added\": {}}]',15,1),(946,'2023-11-29 16:37:51.859000','231','Laptop HP Pavilion 15-EG2062TU 6K790PA',1,'[{\"added\": {}}]',15,1),(947,'2023-11-29 16:38:05.661000','232','Laptop HP Pavilion 15-EG2062TU 6K790PA',1,'[{\"added\": {}}]',15,1),(948,'2023-11-29 16:44:01.206000','233','CPU AMD Ryzen 5-4600G',1,'[{\"added\": {}}]',15,1),(949,'2023-11-29 16:44:09.386000','234','CPU AMD Ryzen 5-4600G',1,'[{\"added\": {}}]',15,1),(950,'2023-11-29 16:44:17.696000','235','CPU AMD Ryzen 5-4600G',1,'[{\"added\": {}}]',15,1),(951,'2023-11-29 16:44:28.176000','236','CPU AMD Ryzen 5-5600X',1,'[{\"added\": {}}]',15,1),(952,'2023-11-29 16:44:32.879000','237','CPU AMD Ryzen 5-5600X',1,'[{\"added\": {}}]',15,1),(953,'2023-11-29 16:44:36.269000','238','CPU AMD Ryzen 5-5600X',1,'[{\"added\": {}}]',15,1),(954,'2023-11-29 16:44:45.475000','239','CPU Intel Core i3-13100',1,'[{\"added\": {}}]',15,1),(955,'2023-11-29 16:44:54.766000','240','CPU Intel Core i3-13100',1,'[{\"added\": {}}]',15,1),(956,'2023-11-29 16:45:01.858000','241','CPU Intel Core i3-13100',1,'[{\"added\": {}}]',15,1),(957,'2023-11-29 16:45:10.429000','242','CPU Intel Core i5-13400',1,'[{\"added\": {}}]',15,1),(958,'2023-11-29 16:45:17.458000','243','CPU Intel Core i5-13400',1,'[{\"added\": {}}]',15,1),(959,'2023-11-29 16:45:27.395000','244','CPU Intel Core i5-13400',1,'[{\"added\": {}}]',15,1),(960,'2023-11-29 16:46:02.613000','245','CPU Intel Core i3-13100F',1,'[{\"added\": {}}]',15,1),(961,'2023-11-29 16:46:10.710000','246','CPU Intel Core i3-13100F',1,'[{\"added\": {}}]',15,1),(962,'2023-11-29 16:46:15.274000','247','CPU Intel Core i3-13100F',1,'[{\"added\": {}}]',15,1),(963,'2023-11-29 16:46:25.257000','248','CPU Intel Core i5-13400F',1,'[{\"added\": {}}]',15,1),(964,'2023-11-29 16:46:34.731000','249','CPU Intel Core i5-13400F',1,'[{\"added\": {}}]',15,1),(965,'2023-11-29 16:46:44.409000','250','CPU Intel Pentium Gold-G6405',1,'[{\"added\": {}}]',15,1),(966,'2023-11-29 16:46:52.279000','251','CPU Intel Pentium Gold-G6405',1,'[{\"added\": {}}]',15,1),(967,'2023-11-29 16:47:02.424000','252','CPU Intel Pentium Gold-G6405',1,'[{\"added\": {}}]',15,1),(968,'2023-11-29 16:47:14.123000','253','CPU Intel Celeron-G5900',1,'[{\"added\": {}}]',15,1),(969,'2023-11-29 16:47:23.781000','254','CPU Intel Celeron-G5900',1,'[{\"added\": {}}]',15,1),(970,'2023-11-29 16:47:51.798000','255','CPU Intel Celeron-G5900',1,'[{\"added\": {}}]',15,1),(971,'2023-11-29 16:48:07.301000','256','CPU Intel Core i3-9100',1,'[{\"added\": {}}]',15,1),(972,'2023-11-29 16:48:15.999000','257','CPU Intel Core i3-9100',1,'[{\"added\": {}}]',15,1),(973,'2023-11-29 16:48:21.785000','258','CPU Intel Core i3-9100',1,'[{\"added\": {}}]',15,1),(974,'2023-11-29 16:48:38.651000','259','CPU Intel Core i5-10400',1,'[{\"added\": {}}]',15,1),(975,'2023-11-29 16:49:00.128000','260','CPU Intel Core i5-10400',1,'[{\"added\": {}}]',15,1),(976,'2023-11-29 16:49:11.728000','261','CPU Intel Core i5-10400',1,'[{\"added\": {}}]',15,1),(977,'2023-11-29 16:49:29.492000','262','Card đồ họa VGA RTX 3060',1,'[{\"added\": {}}]',15,1),(978,'2023-11-29 16:49:38.523000','263','Card đồ họa VGA RTX 3060',1,'[{\"added\": {}}]',15,1),(979,'2023-11-29 16:49:46.860000','264','Card đồ họa VGA RTX 3060',1,'[{\"added\": {}}]',15,1),(980,'2023-11-29 16:50:00.368000','265','Card đồ họa VGA Asus Phoenix GTX 1650',1,'[{\"added\": {}}]',15,1),(981,'2023-11-29 16:50:09.335000','266','Card đồ họa VGA Asus Phoenix GTX 1650',1,'[{\"added\": {}}]',15,1),(982,'2023-11-29 16:50:19.220000','267','Card đồ họa VGA Asus Phoenix GTX 1650',1,'[{\"added\": {}}]',15,1),(983,'2023-11-29 16:50:39.759000','268','Card đồ họa VGA Gigabyte Geforce GT 710',1,'[{\"added\": {}}]',15,1),(984,'2023-11-29 16:50:58.411000','269','Card đồ họa VGA Gigabyte Geforce GT 710',1,'[{\"added\": {}}]',15,1),(985,'2023-11-29 16:51:19.385000','270','Card đồ họa VGA Gigabyte Geforce GT 710',1,'[{\"added\": {}}]',15,1),(986,'2023-11-29 16:51:50.361000','271','Card đồ họa VGA ASUS TUF GTX 1660',1,'[{\"added\": {}}]',15,1),(987,'2023-11-29 16:52:01.368000','272','Card đồ họa VGA ASUS TUF GTX 1660',1,'[{\"added\": {}}]',15,1),(988,'2023-11-29 16:52:26.472000','273','Card đồ họa VGA ASUS TUF GTX 1660',1,'[{\"added\": {}}]',15,1),(989,'2023-11-29 16:54:29.847000','274','Card đồ họa VGA Asus TUF GTX 1650',1,'[{\"added\": {}}]',15,1),(990,'2023-11-29 16:54:48.651000','275','Card đồ họa VGA Asus TUF GTX 1650',1,'[{\"added\": {}}]',15,1),(991,'2023-11-29 16:55:20.190000','276','Card đồ họa VGA Asus TUF GTX 1650',1,'[{\"added\": {}}]',15,1),(992,'2023-11-29 16:55:36.344000','277','Card đồ họa VGA Gigabyte GTX 1650',1,'[{\"added\": {}}]',15,1),(993,'2023-11-29 16:55:49.974000','278','Card đồ họa VGA Gigabyte GTX 1650',1,'[{\"added\": {}}]',15,1),(994,'2023-11-29 16:56:07.488000','279','Card đồ họa VGA Gigabyte GTX 1650',1,'[{\"added\": {}}]',15,1),(995,'2023-11-29 16:56:57.071000','280','RAM Laptop DDR5 16GB Samsung bus 5600Mhz',1,'[{\"added\": {}}]',15,1),(996,'2023-11-29 16:57:01.199000','281','RAM Laptop DDR5 16GB Samsung bus 5600Mhz',1,'[{\"added\": {}}]',15,1),(997,'2023-11-29 16:57:05.472000','282','RAM Laptop DDR5 16GB Samsung bus 5600Mhz',1,'[{\"added\": {}}]',15,1),(998,'2023-11-29 16:57:17.158000','283','RAM Laptop TeamGroup Elite 16GB DDR4 bus 3200MHz',1,'[{\"added\": {}}]',15,1),(999,'2023-11-29 16:57:30.173000','284','RAM Laptop TeamGroup Elite 16GB DDR4 bus 3200MHz',1,'[{\"added\": {}}]',15,1),(1000,'2023-11-29 16:57:36.311000','285','RAM Laptop TeamGroup Elite 16GB DDR4 bus 3200MHz',1,'[{\"added\": {}}]',15,1),(1001,'2023-11-29 16:57:48.356000','286','RAM Laptop DDR5 16GB Samsung bus 4800Mhz',1,'[{\"added\": {}}]',15,1),(1002,'2023-11-29 16:57:54.916000','287','RAM Laptop DDR5 16GB Samsung bus 4800Mhz',1,'[{\"added\": {}}]',15,1),(1003,'2023-11-29 16:57:59.627000','288','RAM Laptop DDR5 16GB Samsung bus 4800Mhz',1,'[{\"added\": {}}]',15,1),(1004,'2023-11-29 16:58:17.919000','289','RAM Laptop Kingston DDR4 16GB bus 2666MHz',1,'[{\"added\": {}}]',15,1),(1005,'2023-11-29 16:58:32.567000','290','RAM Laptop Kingston DDR4 16GB bus 2666MHz',1,'[{\"added\": {}}]',15,1),(1006,'2023-11-29 16:58:44.304000','291','RAM Laptop Kingston DDR4 16GB bus 2666MHz',1,'[{\"added\": {}}]',15,1),(1007,'2023-11-29 16:58:57.251000','292','RAM Laptop Kingston DDR4 bus 3200MHz 16GB',1,'[{\"added\": {}}]',15,1),(1008,'2023-11-29 16:59:06.037000','293','RAM Laptop Kingston DDR4 bus 3200MHz 16GB',1,'[{\"added\": {}}]',15,1),(1009,'2023-11-29 16:59:13.393000','294','RAM Laptop Kingston DDR4 bus 3200MHz 16GB',1,'[{\"added\": {}}]',15,1),(1010,'2023-11-29 17:00:02.315000','295','RAM Laptop DDR5 8GB Kingston bus 4800Mhz',1,'[{\"added\": {}}]',15,1),(1011,'2023-11-29 17:00:09.893000','296','RAM Laptop DDR5 8GB Kingston bus 4800Mhz',1,'[{\"added\": {}}]',15,1),(1012,'2023-11-29 17:00:20.249000','297','RAM Laptop DDR5 8GB Kingston bus 4800Mhz',1,'[{\"added\": {}}]',15,1),(1013,'2023-11-29 17:01:07.026000','298','RAM Laptop Kingmax 16GB DDR4 bus 2666MHz',1,'[{\"added\": {}}]',15,1),(1014,'2023-11-29 17:01:17.496000','299','RAM Laptop Kingmax 16GB DDR4 bus 2666MHz',1,'[{\"added\": {}}]',15,1),(1015,'2023-11-29 17:01:24.399000','300','RAM Laptop Kingmax 16GB DDR4 bus 2666MHz',1,'[{\"added\": {}}]',15,1),(1016,'2023-11-29 17:02:10.630000','301','RAM Laptop Samsung 16GB DDR4 bus 3200MHz',1,'[{\"added\": {}}]',15,1),(1017,'2023-11-29 17:02:35.164000','302','RAM Laptop Samsung 16GB DDR4 bus 3200MHz',1,'[{\"added\": {}}]',15,1),(1018,'2023-11-29 17:02:56.941000','303','RAM Laptop Samsung 16GB DDR4 bus 3200MHz',1,'[{\"added\": {}}]',15,1),(1019,'2023-11-29 17:04:05.376000','304','RAM Laptop DDR5 8GB Crucial bus 4800Mhz',1,'[{\"added\": {}}]',15,1),(1020,'2023-11-29 17:05:09.984000','305','RAM Laptop DDR5 8GB Crucial bus 4800Mhz',1,'[{\"added\": {}}]',15,1),(1021,'2023-11-29 17:05:19.017000','306','RAM Laptop DDR5 8GB Crucial bus 4800Mhz',1,'[{\"added\": {}}]',15,1),(1022,'2023-11-29 17:07:25.857000','307','RAM Laptop DDR4 16GB TeamGroup Elite bus 2666Mhz',1,'[{\"added\": {}}]',15,1),(1023,'2023-11-29 17:07:37.094000','308','RAM Laptop DDR4 16GB TeamGroup Elite bus 2666Mhz',1,'[{\"added\": {}}]',15,1),(1024,'2023-11-29 17:07:42.972000','309','RAM Laptop DDR4 16GB TeamGroup Elite bus 2666Mhz',1,'[{\"added\": {}}]',15,1),(1025,'2023-11-29 17:08:05.814000','310','RAM Laptop Samsung 16GB DDR4 bus 2400MHz',1,'[{\"added\": {}}]',15,1),(1026,'2023-11-29 17:08:15.964000','311','RAM Laptop Samsung 16GB DDR4 bus 2400MHz',1,'[{\"added\": {}}]',15,1),(1027,'2023-11-29 17:08:41.730000','312','RAM Laptop Samsung 16GB DDR4 bus 2400MHz',1,'[{\"added\": {}}]',15,1),(1028,'2023-11-29 17:09:02.435000','313','RAM Laptop PNY 16GB DDR4 bus 2666MHz',1,'[{\"added\": {}}]',15,1),(1029,'2023-11-29 17:09:12.184000','314','RAM Laptop PNY 16GB DDR4 bus 2666MHz',1,'[{\"added\": {}}]',15,1),(1030,'2023-11-29 17:09:24.544000','315','RAM Laptop PNY 16GB DDR4 bus 2666MHz',1,'[{\"added\": {}}]',15,1),(1031,'2023-11-29 17:09:41.799000','316','RAM Laptop DDR5 8GB Samsung bus 5600Mhz',1,'[{\"added\": {}}]',15,1),(1032,'2023-11-29 17:09:52.409000','317','RAM Laptop DDR5 8GB Samsung bus 5600Mhz',1,'[{\"added\": {}}]',15,1),(1033,'2023-11-29 17:10:03.277000','318','RAM Laptop DDR5 8GB Samsung bus 5600Mhz',1,'[{\"added\": {}}]',15,1),(1034,'2023-11-29 17:10:19.003000','319','RAM Laptop DDR5 8GB Samsung bus 4800Mhz',1,'[{\"added\": {}}]',15,1),(1035,'2023-11-29 17:10:30.931000','320','RAM Laptop DDR5 8GB Samsung bus 4800Mhz',1,'[{\"added\": {}}]',15,1),(1036,'2023-11-29 17:10:41.261000','321','RAM Laptop DDR5 8GB Samsung bus 4800Mhz',1,'[{\"added\": {}}]',15,1),(1037,'2023-11-29 17:35:43.023000','322','RAM Laptop DDR5 8GB SK Hynix bus 4800Mhz',1,'[{\"added\": {}}]',15,1),(1038,'2023-11-29 17:36:02.831000','323','RAM Laptop DDR5 8GB SK Hynix bus 4800Mhz',1,'[{\"added\": {}}]',15,1),(1039,'2023-11-29 17:36:45.413000','324','RAM Laptop DDR5 8GB SK Hynix bus 4800Mhz',1,'[{\"added\": {}}]',15,1),(1040,'2023-11-29 17:37:01.114000','325','RAM Laptop DDR5 8GB SK Hynix bus 4800Mhz',1,'[{\"added\": {}}]',15,1),(1041,'2023-11-29 17:37:35.338000','326','RAM Laptop TeamGroup Elite 8GB DDR4 bus 3200MHz',1,'[{\"added\": {}}]',15,1),(1042,'2023-11-29 17:38:03.105000','327','RAM Laptop TeamGroup Elite 8GB DDR4 bus 3200MHz',1,'[{\"added\": {}}]',15,1),(1043,'2023-11-29 17:38:22.713000','328','RAM Laptop TeamGroup Elite 8GB DDR4 bus 3200MHz',1,'[{\"added\": {}}]',15,1),(1044,'2023-11-29 17:38:40.715000','329','RAM Laptop DDR4 8GB Patriot bus 3200Mhz',1,'[{\"added\": {}}]',15,1),(1045,'2023-11-29 17:38:55.692000','330','RAM Laptop DDR4 8GB Patriot bus 3200Mhz',1,'[{\"added\": {}}]',15,1),(1046,'2023-11-29 17:39:25.226000','331','RAM Laptop DDR4 8GB Patriot bus 3200Mhz',1,'[{\"added\": {}}]',15,1),(1047,'2023-11-29 17:39:50.725000','332','Ram Laptop DDR4 Kingston bus 3200MHz 8GB',1,'[{\"added\": {}}]',15,1),(1048,'2023-11-29 17:40:12.480000','333','Ram Laptop DDR4 Kingston bus 3200MHz 8GB',1,'[{\"added\": {}}]',15,1),(1049,'2023-11-29 17:40:33.589000','334','Ram Laptop DDR4 Kingston bus 3200MHz 8GB',1,'[{\"added\": {}}]',15,1),(1050,'2023-11-29 17:40:58.432000','335','RAM Laptop 8GB DDR4 Micron bus 3200Mhz',1,'[{\"added\": {}}]',15,1),(1051,'2023-11-29 17:41:15.721000','336','RAM Laptop 8GB DDR4 Micron bus 3200Mhz',1,'[{\"added\": {}}]',15,1),(1052,'2023-11-29 17:41:28.149000','337','RAM Laptop 8GB DDR4 Micron bus 3200Mhz',1,'[{\"added\": {}}]',15,1),(1053,'2023-11-29 17:41:48.718000','338','RAM Laptop 8GB DDR4 Adata AD4S32008G22-SGN',1,'[{\"added\": {}}]',15,1),(1054,'2023-11-29 17:42:15.720000','339','RAM Laptop 8GB DDR4 Adata AD4S32008G22-SGN',1,'[{\"added\": {}}]',15,1),(1055,'2023-11-29 17:42:30.888000','340','RAM Laptop 8GB DDR4 Adata AD4S32008G22-SGN',1,'[{\"added\": {}}]',15,1),(1056,'2023-11-29 17:43:40.734000','341','RAM Laptop DDR4 8GB TeamGroup Elite bus 2666Mhz',1,'[{\"added\": {}}]',15,1),(1057,'2023-11-29 17:43:52.432000','342','RAM Laptop DDR4 8GB TeamGroup Elite bus 2666Mhz',1,'[{\"added\": {}}]',15,1),(1058,'2023-11-29 17:44:10.097000','343','RAM Laptop DDR4 8GB TeamGroup Elite bus 2666Mhz',1,'[{\"added\": {}}]',15,1),(1059,'2023-11-29 17:45:00.825000','344','RAM laptop PNY Gaming 8GB DDR4 bus 3200MHz',1,'[{\"added\": {}}]',15,1),(1060,'2023-11-29 17:45:29.599000','345','RAM laptop PNY Gaming 8GB DDR4 bus 3200MHz',1,'[{\"added\": {}}]',15,1),(1061,'2023-11-29 17:45:40.320000','346','RAM laptop PNY Gaming 8GB DDR4 bus 3200MHz',1,'[{\"added\": {}}]',15,1),(1062,'2023-11-29 17:46:05.346000','347','RAM Laptop Kingston DDR4 bus 3200 4GB',1,'[{\"added\": {}}]',15,1),(1063,'2023-11-29 17:46:37.025000','348','RAM Laptop Kingston DDR4 bus 3200 4GB',1,'[{\"added\": {}}]',15,1),(1064,'2023-11-29 17:46:56.723000','349','RAM Laptop Kingston DDR4 bus 3200 4GB',1,'[{\"added\": {}}]',15,1),(1065,'2023-11-29 17:47:24.760000','350','RAM Laptop Kingston DDR4 bus 2666MHz 4GB',1,'[{\"added\": {}}]',15,1),(1066,'2023-11-29 17:47:43.773000','351','RAM Laptop Kingston DDR4 bus 2666MHz 4GB',1,'[{\"added\": {}}]',15,1),(1067,'2023-11-29 17:48:01.569000','352','RAM Laptop Kingston DDR4 bus 2666MHz 4GB',1,'[{\"added\": {}}]',15,1),(1068,'2023-11-29 17:50:36.697000','353','RAM laptop SK Hynix DDR4 4GB bus 3200MHz',1,'[{\"added\": {}}]',15,1),(1069,'2023-11-29 17:51:03.348000','354','RAM laptop SK Hynix DDR4 4GB bus 3200MHz',1,'[{\"added\": {}}]',15,1),(1070,'2023-11-29 17:51:23.343000','355','RAM laptop SK Hynix DDR4 4GB bus 3200MHz',1,'[{\"added\": {}}]',15,1),(1071,'2023-11-29 17:52:37.712000','356','RAM Laptop Samsung DDR4 4GB Bus 3200Mhz',1,'[{\"added\": {}}]',15,1),(1072,'2023-11-29 17:53:03.841000','357','RAM Laptop Samsung DDR4 4GB Bus 3200Mhz',1,'[{\"added\": {}}]',15,1),(1073,'2023-11-29 17:53:13.887000','358','RAM Laptop Samsung DDR4 4GB Bus 3200Mhz',1,'[{\"added\": {}}]',15,1),(1074,'2023-11-29 17:53:43.490000','359','RAM Laptop Samsung 8GB DDR3L bus 1600Mhz',1,'[{\"added\": {}}]',15,1),(1075,'2023-11-29 17:53:50.885000','360','RAM Laptop Samsung 8GB DDR3L bus 1600Mhz',1,'[{\"added\": {}}]',15,1),(1076,'2023-11-29 17:53:56.731000','361','RAM Laptop Samsung 8GB DDR3L bus 1600Mhz',1,'[{\"added\": {}}]',15,1),(1077,'2023-11-29 17:54:13.547000','362','RAM laptop 8GB DDR3L SK Hynix bus 1600Mhz',1,'[{\"added\": {}}]',15,1),(1078,'2023-11-29 17:54:21.411000','363','RAM laptop 8GB DDR3L SK Hynix bus 1600Mhz',1,'[{\"added\": {}}]',15,1),(1079,'2023-11-29 17:54:28.601000','364','RAM laptop 8GB DDR3L SK Hynix bus 1600Mhz',1,'[{\"added\": {}}]',15,1),(1080,'2023-11-29 18:06:44.793000','365','Ổ cứng SSD NVMe 2TB Kingston KC2500 SKC2500M8',1,'[{\"added\": {}}]',15,1),(1081,'2023-11-29 18:06:53.456000','366','Ổ cứng SSD NVMe 2TB Kingston KC2500 SKC2500M8',1,'[{\"added\": {}}]',15,1),(1082,'2023-11-29 18:07:03.818000','367','Ổ cứng SSD NVMe 2TB Kingston KC2500 SKC2500M8',1,'[{\"added\": {}}]',15,1),(1083,'2023-11-29 18:09:17.553000','368','Ổ cứng SSD NVMe 2TB Kingston KC2500 SKC2500M8',1,'[{\"added\": {}}]',15,1),(1084,'2023-11-29 18:09:27.232000','369','Ổ cứng SSD NVMe 2TB Kingston NV2',1,'[{\"added\": {}}]',15,1),(1085,'2023-11-29 18:09:34.600000','370','Ổ cứng SSD NVMe 2TB Kingston NV2',1,'[{\"added\": {}}]',15,1),(1086,'2023-11-29 18:09:41.291000','371','Ổ cứng SSD NVMe 2TB Kingston NV2',1,'[{\"added\": {}}]',15,1),(1087,'2023-11-29 18:09:55.442000','372','Ổ cứng SSD NVMe 2TB Crucial CT2000P2SSD8',1,'[{\"added\": {}}]',15,1),(1088,'2023-11-29 18:10:03.810000','373','Ổ cứng SSD NVMe 2TB Crucial CT2000P2SSD8',1,'[{\"added\": {}}]',15,1),(1089,'2023-11-29 18:10:13.580000','374','Ổ cứng SSD NVMe 2TB Crucial CT2000P2SSD8',1,'[{\"added\": {}}]',15,1),(1090,'2023-11-29 18:10:40.903000','375','Ổ cứng SSD NVMe 1TB Samsung 990 PRO MZ',1,'[{\"added\": {}}]',15,1),(1091,'2023-11-29 18:10:49.301000','376','Ổ cứng SSD NVMe 1TB Samsung 990 PRO MZ',1,'[{\"added\": {}}]',15,1),(1092,'2023-11-29 18:10:57.552000','377','Ổ cứng SSD NVMe 1TB Samsung 990 PRO MZ',1,'[{\"added\": {}}]',15,1),(1093,'2023-11-29 18:11:22.196000','378','Ổ cứng SSD 1TB Samsung PCIe NVMe',1,'[{\"added\": {}}]',15,1),(1094,'2023-11-29 18:11:35.238000','379','Ổ cứng SSD 1TB Samsung PCIe NVMe',1,'[{\"added\": {}}]',15,1),(1095,'2023-11-29 18:11:53.377000','380','Ổ cứng SSD 1TB Samsung PCIe NVMe',1,'[{\"added\": {}}]',15,1),(1096,'2023-11-29 18:12:12.150000','381','Ổ cứng SSD NVMe 1TB Samsung 970',1,'[{\"added\": {}}]',15,1),(1097,'2023-11-29 18:12:21.445000','382','Ổ cứng SSD NVMe 1TB Samsung 970',1,'[{\"added\": {}}]',15,1),(1098,'2023-11-29 18:12:29.896000','383','Ổ cứng SSD NVMe 1TB Samsung 970',1,'[{\"added\": {}}]',15,1),(1099,'2023-11-29 18:12:54.790000','384','Ổ cứng SSD 2.5 Inch 1TB Samsung 870',1,'[{\"added\": {}}]',15,1),(1100,'2023-11-29 18:13:04.941000','385','Ổ cứng SSD 2.5 Inch 1TB Samsung 870',1,'[{\"added\": {}}]',15,1),(1101,'2023-11-29 18:13:14.057000','386','Ổ cứng SSD 2.5 Inch 1TB Samsung 870',1,'[{\"added\": {}}]',15,1),(1102,'2023-11-29 18:13:37.230000','387','Ổ cứng SSD NVMe 1TB Kingston NV2 SNV2S',1,'[{\"added\": {}}]',15,1),(1103,'2023-11-29 18:13:47.998000','388','Ổ cứng SSD NVMe 1TB Kingston NV2 SNV2S',1,'[{\"added\": {}}]',15,1),(1104,'2023-11-29 18:14:10.836000','389','Ổ cứng SSD NVMe 1TB Kingston NV2 SNV2S',1,'[{\"added\": {}}]',15,1),(1105,'2023-11-29 18:14:29.437000','390','Ổ cứng SSD 1TB 2.5 Inch Crucial BX500 CT1000BX500SSD1',1,'[{\"added\": {}}]',15,1),(1106,'2023-11-29 18:14:48.356000','391','Ổ cứng SSD 1TB 2.5 Inch Crucial BX500 CT1000BX500SSD1',1,'[{\"added\": {}}]',15,1),(1107,'2023-11-29 18:14:57.039000','392','Ổ cứng SSD 1TB 2.5 Inch Crucial BX500 CT1000BX500SSD1',1,'[{\"added\": {}}]',15,1),(1108,'2023-11-29 18:15:13.284000','393','Ổ cứng SSD NVMe 1TB Samsung PM991 M.2 2280',1,'[{\"added\": {}}]',15,1),(1109,'2023-11-29 18:15:25.499000','394','Ổ cứng SSD NVMe 1TB Samsung PM991 M.2 2280',1,'[{\"added\": {}}]',15,1),(1110,'2023-11-29 18:15:42.872000','395','Ổ cứng HDD 2.5 Inch WD Blue 5400rpm WD20SPZX-22UA7T0',1,'[{\"added\": {}}]',15,1),(1111,'2023-11-29 18:15:53.895000','396','Ổ cứng HDD 2.5 Inch WD Blue 5400rpm WD20SPZX-22UA7T0',1,'[{\"added\": {}}]',15,1),(1112,'2023-11-29 18:16:01.803000','397','Ổ cứng HDD 2.5 Inch WD Blue 5400rpm WD20SPZX-22UA7T0',1,'[{\"added\": {}}]',15,1),(1113,'2023-11-29 18:19:59.093000','398','Màn Hình Di Động LG Gram View 16MR70.ASDA5 16 inch QHD',1,'[{\"added\": {}}]',15,1),(1114,'2023-11-29 18:20:03.800000','399','Màn Hình Di Động LG Gram View 16MR70.ASDA5 16 inch QHD',1,'[{\"added\": {}}]',15,1),(1115,'2023-11-29 18:20:07.196000','400','Màn Hình Di Động LG Gram View 16MR70.ASDA5 16 inch QHD',1,'[{\"added\": {}}]',15,1),(1116,'2023-11-29 18:20:16.067000','401','Màn hình máy tính Lenovo Legion Y27-30 - 27 Inch FHD IPS 180Hz',1,'[{\"added\": {}}]',15,1),(1117,'2023-11-29 18:20:20.326000','402','Màn hình máy tính Lenovo Legion Y27-30 - 27 Inch FHD IPS 180Hz',1,'[{\"added\": {}}]',15,1),(1118,'2023-11-29 18:20:23.883000','403','Màn hình máy tính Lenovo Legion Y27-30 - 27 Inch FHD IPS 180Hz',1,'[{\"added\": {}}]',15,1),(1119,'2023-11-29 18:20:34.581000','404','Màn hình máy tính 24 Inch Acer EK241Y Full HD 75Hz',1,'[{\"added\": {}}]',15,1),(1120,'2023-11-29 18:20:39.665000','405','Màn hình máy tính 24 Inch Acer EK241Y Full HD 75Hz',1,'[{\"added\": {}}]',15,1),(1121,'2023-11-29 18:20:44.050000','406','Màn hình máy tính 24 Inch Acer EK241Y Full HD 75Hz',1,'[{\"added\": {}}]',15,1),(1122,'2023-11-29 18:20:54.758000','407','Màn hình máy tính 27 inch Viewsonic VX2717-C-MH',1,'[{\"added\": {}}]',15,1),(1123,'2023-11-29 18:21:02.314000','408','Màn hình máy tính 27 inch Viewsonic VX2717-C-MH',1,'[{\"added\": {}}]',15,1),(1124,'2023-11-29 18:21:06.771000','409','Màn hình máy tính 27 inch Viewsonic VX2717-C-MH',1,'[{\"added\": {}}]',15,1),(1125,'2023-11-29 18:21:29.756000','410','Màn hình 23.6 Inch Viewsonic VA2409-H FullHD',1,'[{\"added\": {}}]',15,1),(1126,'2023-11-29 18:21:39.362000','411','Màn hình 23.6 Inch Viewsonic VA2409-H FullHD',1,'[{\"added\": {}}]',15,1),(1127,'2023-11-29 18:21:47.521000','412','Màn hình 23.6 Inch Viewsonic VA2409-H FullHD',1,'[{\"added\": {}}]',15,1),(1128,'2023-11-29 18:22:03.200000','413','Màn hình 22 Inch ViewSonic VA2223-H Full HD',1,'[{\"added\": {}}]',15,1),(1129,'2023-11-29 18:22:12.243000','414','Màn hình 22 Inch ViewSonic VA2223-H Full HD',1,'[{\"added\": {}}]',15,1),(1130,'2023-11-29 18:22:19.062000','415','Màn hình 22 Inch ViewSonic VA2223-H Full HD',1,'[{\"added\": {}}]',15,1),(1131,'2023-11-29 18:22:35.301000','416','Màn hình 22 Inch Acer AOPEN 22CV1Q Full HD',1,'[{\"added\": {}}]',15,1),(1132,'2023-11-29 18:22:51.937000','417','Màn hình 22 Inch Acer AOPEN 22CV1Q Full HD',1,'[{\"added\": {}}]',15,1),(1133,'2023-11-29 18:23:02.757000','418','Màn hình 22 Inch Acer AOPEN 22CV1Q Full HD',1,'[{\"added\": {}}]',15,1),(1134,'2023-11-29 18:23:21.682000','419','Màn hình Dell E2417H 24 Inch Cũ / Full HD / 60Hz',1,'[{\"added\": {}}]',15,1),(1135,'2023-11-29 18:23:36.071000','420','Màn hình Dell E2417H 24 Inch Cũ / Full HD / 60Hz',1,'[{\"added\": {}}]',15,1),(1136,'2023-11-29 18:23:43.504000','421','Màn hình Dell E2417H 24 Inch Cũ / Full HD / 60Hz',1,'[{\"added\": {}}]',15,1),(1137,'2023-11-29 18:27:58.895000','1','Card đồ họa VGA RTX 3060',2,'[{\"changed\": {\"fields\": [\"Image\"]}}]',9,1),(1138,'2023-11-29 18:28:13.487000','2','Card đồ họa VGA Asus Phoenix GTX 1650',2,'[{\"changed\": {\"fields\": [\"Image\"]}}]',9,1),(1139,'2023-11-29 18:28:21.574000','3','Card đồ họa VGA Gigabyte Geforce GT 710',2,'[{\"changed\": {\"fields\": [\"Image\"]}}]',9,1),(1140,'2023-11-29 18:28:35.498000','4','Card đồ họa VGA ASUS TUF GTX 1660',2,'[{\"changed\": {\"fields\": [\"Image\"]}}]',9,1),(1141,'2023-11-29 18:28:48.647000','5','Card đồ họa VGA Asus TUF GTX 1650',2,'[{\"changed\": {\"fields\": [\"Image\"]}}]',9,1),(1142,'2023-11-29 18:29:14.233000','6','Card đồ họa VGA Gigabyte GTX 1650',2,'[{\"changed\": {\"fields\": [\"Image\"]}}]',9,1),(1143,'2023-11-29 18:30:18.022000','1','CPU AMD Ryzen 5-4600G',2,'[{\"changed\": {\"fields\": [\"Image\"]}}]',11,1),(1144,'2023-11-29 18:30:28.850000','2','CPU AMD Ryzen 5-5600X',2,'[{\"changed\": {\"fields\": [\"Image\"]}}]',11,1),(1145,'2023-11-29 18:30:53.417000','3','CPU Intel Core i3-13100',2,'[{\"changed\": {\"fields\": [\"Image\"]}}]',11,1),(1146,'2023-11-29 18:31:03.473000','4','CPU Intel Core i5-13400',2,'[{\"changed\": {\"fields\": [\"Image\"]}}]',11,1),(1147,'2023-11-29 18:31:13.512000','5','CPU Intel Core i3-13100F',2,'[{\"changed\": {\"fields\": [\"Image\"]}}]',11,1),(1148,'2023-11-29 18:31:38.938000','6','CPU Intel Core i5-13400F',2,'[{\"changed\": {\"fields\": [\"Image\"]}}]',11,1),(1149,'2023-11-29 18:31:52.108000','7','CPU Intel Pentium Gold-G6405',2,'[{\"changed\": {\"fields\": [\"Image\"]}}]',11,1),(1150,'2023-11-29 18:32:05.463000','8','CPU Intel Celeron-G5900',2,'[{\"changed\": {\"fields\": [\"Image\"]}}]',11,1),(1151,'2023-11-29 18:32:23.910000','9','CPU Intel Core i3-9100',2,'[{\"changed\": {\"fields\": [\"Image\"]}}]',11,1),(1152,'2023-11-29 18:32:36.583000','10','CPU Intel Core i5-10400',2,'[{\"changed\": {\"fields\": [\"Image\"]}}]',11,1),(1153,'2023-11-29 18:34:15.881000','1','Ổ cứng SSD NVMe 2TB Kingston KC2500 SKC2500M8',2,'[{\"changed\": {\"fields\": [\"Image\"]}}]',14,1),(1154,'2023-11-29 18:34:35.217000','2','Ổ cứng SSD NVMe 2TB Kingston NV2',2,'[{\"changed\": {\"fields\": [\"Image\"]}}]',14,1),(1155,'2023-11-29 18:34:55.111000','3','Ổ cứng SSD NVMe 2TB Crucial CT2000P2SSD8',2,'[{\"changed\": {\"fields\": [\"Image\"]}}]',14,1),(1156,'2023-11-29 18:35:10.112000','4','Ổ cứng SSD NVMe 1TB Samsung 990 PRO MZ',2,'[{\"changed\": {\"fields\": [\"Image\"]}}]',14,1),(1157,'2023-11-29 18:35:23.266000','5','Ổ cứng SSD 1TB Samsung PCIe NVMe',2,'[{\"changed\": {\"fields\": [\"Image\"]}}]',14,1),(1158,'2023-11-29 18:35:50.350000','6','Ổ cứng SSD NVMe 1TB Samsung 970',2,'[{\"changed\": {\"fields\": [\"Image\"]}}]',14,1),(1159,'2023-11-29 18:36:06.938000','7','Ổ cứng SSD 2.5 Inch 1TB Samsung 870',2,'[{\"changed\": {\"fields\": [\"Image\"]}}]',14,1),(1160,'2023-11-29 18:36:20.963000','8','Ổ cứng SSD NVMe 1TB Kingston NV2 SNV2S',2,'[{\"changed\": {\"fields\": [\"Image\"]}}]',14,1),(1161,'2023-11-29 18:36:47.834000','9','Ổ cứng SSD 1TB 2.5 Inch Crucial BX500 CT1000BX500SSD1',2,'[{\"changed\": {\"fields\": [\"Image\"]}}]',14,1),(1162,'2023-11-29 18:37:21.588000','10','Ổ cứng SSD NVMe 1TB Samsung PM991 M.2 2280',2,'[{\"changed\": {\"fields\": [\"Image\"]}}]',14,1),(1163,'2023-11-29 18:37:37.380000','11','Ổ cứng HDD 2.5 Inch WD Blue 5400rpm WD20SPZX-22UA7T0',2,'[{\"changed\": {\"fields\": [\"Image\"]}}]',14,1),(1164,'2023-11-29 18:38:22.557000','1','Màn Hình Di Động LG Gram View 16MR70.ASDA5 16 inch QHD',2,'[{\"changed\": {\"fields\": [\"Image\"]}}]',24,1),(1165,'2023-11-29 18:38:34.371000','2','Màn hình máy tính Lenovo Legion Y27-30 - 27 Inch FHD IPS 180Hz',2,'[{\"changed\": {\"fields\": [\"Image\"]}}]',24,1),(1166,'2023-11-29 18:38:42.804000','3','Màn hình máy tính 24 Inch Acer EK241Y Full HD 75Hz',2,'[{\"changed\": {\"fields\": [\"Image\"]}}]',24,1),(1167,'2023-11-29 18:39:01.505000','4','Màn hình máy tính 27 inch Viewsonic VX2717-C-MH',2,'[{\"changed\": {\"fields\": [\"Image\"]}}]',24,1),(1168,'2023-11-29 18:39:17.563000','5','Màn hình 23.6 Inch Viewsonic VA2409-H FullHD',2,'[{\"changed\": {\"fields\": [\"Image\"]}}]',24,1),(1169,'2023-11-29 18:39:33.502000','6','Màn hình 22 Inch ViewSonic VA2223-H Full HD',2,'[{\"changed\": {\"fields\": [\"Image\"]}}]',24,1),(1170,'2023-11-29 18:39:44.322000','7','Màn hình 22 Inch Acer AOPEN 22CV1Q Full HD',2,'[{\"changed\": {\"fields\": [\"Image\"]}}]',24,1),(1171,'2023-11-29 18:39:54.102000','8','Màn hình Dell E2417H 24 Inch Cũ / Full HD / 60Hz',2,'[{\"changed\": {\"fields\": [\"Image\"]}}]',24,1),(1172,'2023-11-29 18:44:01.878000','1','RAM Laptop DDR5 16GB Samsung bus 5600Mhz',2,'[{\"changed\": {\"fields\": [\"Image\"]}}]',20,1),(1173,'2023-11-29 18:44:16.379000','2','RAM Laptop DDR5 16GB Samsung bus 4800Mhz',2,'[{\"changed\": {\"fields\": [\"Image\"]}}]',20,1),(1174,'2023-11-29 18:44:24.031000','3','RAM Laptop TeamGroup Elite 16GB DDR4 bus 3200MHz',2,'[{\"changed\": {\"fields\": [\"Image\"]}}]',20,1),(1175,'2023-11-29 18:44:38.526000','4','RAM Laptop Kingston DDR4 16GB bus 2666MHz',2,'[{\"changed\": {\"fields\": [\"Image\"]}}]',20,1),(1176,'2023-11-29 18:45:31.166000','5','RAM Laptop Kingston DDR4 bus 3200MHz 16GB',2,'[{\"changed\": {\"fields\": [\"Image\"]}}]',20,1),(1177,'2023-11-29 18:45:55.291000','6','RAM Laptop DDR5 8GB Kingston bus 4800Mhz',2,'[{\"changed\": {\"fields\": [\"Image\"]}}]',20,1),(1178,'2023-11-29 18:46:21.448000','7','RAM Laptop Kingmax 16GB DDR4 bus 2666MHz',2,'[{\"changed\": {\"fields\": [\"Image\"]}}]',20,1),(1179,'2023-11-29 18:46:52.295000','8','RAM Laptop Samsung 16GB DDR4 bus 3200MHz',2,'[{\"changed\": {\"fields\": [\"Image\"]}}]',20,1),(1180,'2023-11-29 18:47:17.249000','9','RAM Laptop DDR5 8GB Crucial bus 4800Mhz',2,'[{\"changed\": {\"fields\": [\"Image\"]}}]',20,1),(1181,'2023-11-29 18:49:24.591000','10','RAM Laptop DDR4 16GB TeamGroup Elite bus 2666Mhz',2,'[{\"changed\": {\"fields\": [\"Image\"]}}]',20,1),(1182,'2023-11-29 18:49:54.058000','11','RAM Laptop Samsung 16GB DDR4 bus 2400MHz',2,'[{\"changed\": {\"fields\": [\"Image\"]}}]',20,1),(1183,'2023-11-29 18:50:19.762000','12','RAM Laptop PNY 16GB DDR4 bus 2666MHz',2,'[{\"changed\": {\"fields\": [\"Image\"]}}]',20,1),(1184,'2023-11-29 18:50:43.100000','13','RAM Laptop DDR5 8GB Samsung bus 5600Mhz',2,'[{\"changed\": {\"fields\": [\"Image\"]}}]',20,1),(1185,'2023-11-29 18:51:10.893000','14','RAM Laptop DDR5 8GB Samsung bus 4800Mhz',2,'[{\"changed\": {\"fields\": [\"Image\"]}}]',20,1),(1186,'2023-11-29 18:51:36.778000','15','RAM Laptop DDR5 8GB SK Hynix bus 4800Mhz',2,'[{\"changed\": {\"fields\": [\"Image\"]}}]',20,1),(1187,'2023-11-29 18:51:55.973000','16','RAM Laptop TeamGroup Elite 8GB DDR4 bus 3200MHz',2,'[{\"changed\": {\"fields\": [\"Image\"]}}]',20,1),(1188,'2023-11-29 18:52:08.179000','17','RAM Laptop DDR4 8GB Patriot bus 3200Mhz',2,'[{\"changed\": {\"fields\": [\"Image\"]}}]',20,1),(1189,'2023-11-29 18:52:50.344000','18','Ram Laptop DDR4 Kingston bus 3200MHz 8GB',2,'[{\"changed\": {\"fields\": [\"Image\"]}}]',20,1),(1190,'2023-11-29 18:53:04.011000','19','RAM Laptop 8GB DDR4 Micron bus 3200Mhz',2,'[{\"changed\": {\"fields\": [\"Image\"]}}]',20,1),(1191,'2023-11-29 18:53:14.844000','20','RAM Laptop 8GB DDR4 Adata AD4S32008G22-SGN',2,'[{\"changed\": {\"fields\": [\"Image\"]}}]',20,1),(1192,'2023-11-29 18:53:41.657000','21','RAM Laptop DDR4 8GB TeamGroup Elite bus 2666Mhz',2,'[{\"changed\": {\"fields\": [\"Image\"]}}]',20,1),(1193,'2023-11-29 18:53:53.182000','22','RAM laptop PNY Gaming 8GB DDR4 bus 3200MHz',2,'[{\"changed\": {\"fields\": [\"Image\"]}}]',20,1),(1194,'2023-11-29 18:54:12.904000','23','RAM Laptop Kingston DDR4 bus 3200 4GB',2,'[{\"changed\": {\"fields\": [\"Image\"]}}]',20,1),(1195,'2023-11-29 18:54:36.998000','24','RAM Laptop Kingston DDR4 bus 2666MHz 4GB',2,'[{\"changed\": {\"fields\": [\"Image\"]}}]',20,1),(1196,'2023-11-29 18:54:53.543000','25','RAM laptop SK Hynix DDR4 4GB bus 3200MHz',2,'[{\"changed\": {\"fields\": [\"Image\"]}}]',20,1),(1197,'2023-11-29 18:55:26.360000','26','RAM Laptop Samsung DDR4 4GB Bus 3200Mhz',2,'[{\"changed\": {\"fields\": [\"Image\"]}}]',20,1),(1198,'2023-11-29 18:55:35.011000','27','RAM laptop 8GB DDR3L SK Hynix bus 1600Mhz',2,'[{\"changed\": {\"fields\": [\"Image\"]}}]',20,1),(1199,'2023-11-29 18:55:46.465000','28','RAM Laptop Samsung 8GB DDR3L bus 1600Mhz',2,'[{\"changed\": {\"fields\": [\"Image\"]}}]',20,1),(1200,'2023-11-29 19:20:31.403000','1','Laptop ASUS ROG Strix G16 G614JV-N4261W',2,'[{\"changed\": {\"fields\": [\"Image\"]}}]',25,1),(1201,'2023-11-29 19:20:41.104000','2','Laptop ASUS ROG Zephyrus G14 GA402NJ-L4056W',2,'[{\"changed\": {\"fields\": [\"Image\"]}}]',25,1),(1202,'2023-11-29 19:20:52.071000','3','Laptop ASUS TUF Gaming F15 FX507ZU4 LP054W',2,'[{\"changed\": {\"fields\": [\"Image\"]}}]',25,1),(1203,'2023-11-29 19:21:01.645000','4','Laptop Asus TUF Gaming F15 FX506LHB-HN188W',2,'[{\"changed\": {\"fields\": [\"Image\"]}}]',25,1),(1204,'2023-11-29 19:21:13.398000','5','Laptop Asus ROG Strix 2022 G17 G713RM-LL016W',2,'[{\"changed\": {\"fields\": [\"Image\"]}}]',25,1),(1205,'2023-11-29 19:21:25.849000','6','Laptop Asus ROG Zephyrus G15 GA503RM-LN006W',2,'[{\"changed\": {\"fields\": [\"Image\"]}}]',25,1),(1206,'2023-11-29 19:21:39.211000','7','Laptop ASUS ROG Zephyrus G14 GA402RJ-L8030W',2,'[{\"changed\": {\"fields\": [\"Image\"]}}]',25,1),(1207,'2023-11-29 19:21:56.447000','8','Laptop Gaming ASUS ROG FLOW X16 2023',2,'[{\"changed\": {\"fields\": [\"Image\"]}}]',25,1),(1208,'2023-11-29 19:22:20.336000','9','Laptop Gaming ASUS ROG Zephyrus G14 2023',2,'[{\"changed\": {\"fields\": [\"Image\"]}}]',25,1),(1209,'2023-11-29 19:22:40.328000','10','Laptop Gaming ASUS ROG Flow X13 2023 GV302XI',2,'[{\"changed\": {\"fields\": [\"Image\"]}}]',25,1),(1210,'2023-11-29 19:22:51.416000','11','Laptop Gaming ASUS ROG FLOW Z13 2023 GZ301',2,'[{\"changed\": {\"fields\": [\"Image\"]}}]',25,1),(1211,'2023-11-29 19:23:12.918000','12','Laptop Asus TUF Gaming F15 FX507ZC',2,'[{\"changed\": {\"fields\": [\"Image\"]}}]',25,1),(1212,'2023-11-29 19:23:25.746000','13','Laptop ASUS Zenbook Pro 14 OLED UX6404VV-P4069W',2,'[{\"changed\": {\"fields\": [\"Image\"]}}]',25,1),(1213,'2023-11-29 19:23:35.025000','14','Laptop Asus Zenbook 14 OLED UX3402VA-KM085W',2,'[{\"changed\": {\"fields\": [\"Image\"]}}]',25,1),(1214,'2023-11-29 19:23:46.646000','15','Laptop Asus Vivobook 15X OLED S3504VA L1226W',2,'[{\"changed\": {\"fields\": [\"Image\"]}}]',25,1),(1215,'2023-11-29 19:23:57.532000','16','Laptop Asus Vivobook S5402ZA-IS74-M003Y0',2,'[{\"changed\": {\"fields\": [\"Image\"]}}]',25,1),(1216,'2023-11-29 19:24:07.548000','17','Laptop Asus Vivobook K3500P',2,'[{\"changed\": {\"fields\": [\"Image\"]}}]',25,1),(1217,'2023-11-29 19:24:18.576000','18','Laptop ASUS Vivobook Go 14 E1404FA-NK177W',2,'[{\"changed\": {\"fields\": [\"Image\"]}}]',25,1),(1218,'2023-11-29 19:24:52.462000','19','Laptop HP Pavilion 14-DV2051TU 6K7G8PA',2,'[{\"changed\": {\"fields\": [\"Image\"]}}]',25,1),(1219,'2023-11-29 19:25:04.758000','20','Laptop Asus Expert Book P2451FA-BV3022',2,'[{\"changed\": {\"fields\": [\"Image\"]}}]',25,1),(1220,'2023-11-29 19:25:24.161000','21','Laptop Asus Vivobook 15 A515EA-BQ1530W',2,'[{\"changed\": {\"fields\": [\"Image\"]}}]',25,1),(1221,'2023-11-29 19:25:36.287000','22','Laptop Asus Vivobook 14X OLED A1403ZA-KM161W',2,'[{\"changed\": {\"fields\": [\"Image\"]}}]',25,1),(1222,'2023-11-29 19:25:57.526000','23','Laptop Asus Vivobook X515EP EJ405W',2,'[{\"changed\": {\"fields\": [\"Image\"]}}]',25,1),(1223,'2023-11-29 19:26:17.438000','24','Laptop Asus Vivobook A15 A515EA L12033T',2,'[{\"changed\": {\"fields\": [\"Image\"]}}]',25,1),(1224,'2023-11-29 19:27:06.065000','25','Laptop Dell Gaming G16 7630 R1948W',2,'[{\"changed\": {\"fields\": [\"Image\"]}}]',25,1),(1225,'2023-11-29 19:27:16.443000','26','Laptop Dell Gaming G15 5530 i7H165W11GR4060',2,'[{\"changed\": {\"fields\": [\"Image\"]}}]',25,1),(1226,'2023-11-29 19:27:31.167000','27','Laptop Dell G15 5520',2,'[{\"changed\": {\"fields\": [\"Image\"]}}]',25,1),(1227,'2023-11-29 19:27:44.411000','28','Laptop Dell G15 5511',2,'[{\"changed\": {\"fields\": [\"Image\"]}}]',25,1),(1228,'2023-11-29 19:27:54.069000','29','Laptop Dell Inspiron 5577',2,'[{\"changed\": {\"fields\": [\"Image\"]}}]',25,1),(1229,'2023-11-29 19:28:10.691000','30','Laptop Dell Inspiron G7 7588',2,'[{\"changed\": {\"fields\": [\"Image\"]}}]',25,1),(1230,'2023-11-29 19:28:21.353000','31','Laptop Dell Vostro 3405-R1505D',2,'[{\"changed\": {\"fields\": [\"Image\"]}}]',25,1),(1231,'2023-11-29 19:28:30.843000','32','Laptop Dell Inspiron G5 15 5500',2,'[{\"changed\": {\"fields\": [\"Image\"]}}]',25,1),(1232,'2023-11-29 19:28:42.653000','33','Laptop Dell Inspiron 3505-0M1T4',2,'[{\"changed\": {\"fields\": [\"Image\"]}}]',25,1),(1233,'2023-11-29 19:28:59.921000','34','Laptop Dell Inspiron N3505 Y1N1T1',2,'[{\"changed\": {\"fields\": [\"Image\"]}}]',25,1),(1234,'2023-11-29 19:29:12.846000','35','Laptop Dell Alienware X16 R1 (2023)',2,'[{\"changed\": {\"fields\": [\"Image\"]}}]',25,1),(1235,'2023-11-29 19:29:27.943000','36','Laptop Dell G16 7620',2,'[{\"changed\": {\"fields\": [\"Image\"]}}]',25,1),(1236,'2023-11-29 19:29:41.220000','37','Laptop Dell Inspiron 14 5430 i5P165W11SLD2',2,'[{\"changed\": {\"fields\": [\"Image\"]}}]',25,1),(1237,'2023-11-29 19:29:57.989000','38','Laptop Dell XPS 13 Plus 9320',2,'[{\"changed\": {\"fields\": [\"Image\"]}}]',25,1),(1238,'2023-11-29 19:30:18.579000','39','Laptop Dell Vostro 5630 i5P085W11GRU',2,'[{\"changed\": {\"fields\": [\"Image\"]}}]',25,1),(1239,'2023-11-29 19:30:34.833000','40','Laptop Dell Inspiron 13 5330 R1808S',2,'[{\"changed\": {\"fields\": [\"Image\"]}}]',25,1),(1240,'2023-11-29 19:30:54.000000','41','Laptop Dell Inspiron 14 7430 2 in 1 CN29D',2,'[{\"changed\": {\"fields\": [\"Image\"]}}]',25,1),(1241,'2023-11-29 19:31:10.100000','42','Laptop Dell Inspiron 16 7620',2,'[{\"changed\": {\"fields\": [\"Image\"]}}]',25,1),(1242,'2023-11-29 19:31:19.888000','43','Laptop Dell XPS 13 9305',2,'[{\"changed\": {\"fields\": [\"Image\"]}}]',25,1),(1243,'2023-11-29 19:31:31.477000','44','Laptop Dell Vostro 15 3530 80GG9',2,'[{\"changed\": {\"fields\": [\"Image\"]}}]',25,1),(1244,'2023-11-29 19:32:33.648000','45','Laptop Lenovo Legion Slim 5 16IRH8 82YA00BUVN',2,'[{\"changed\": {\"fields\": [\"Image\"]}}]',25,1),(1245,'2023-11-29 19:32:45.296000','46','Laptop LENOVO Legion Slim 5 16APH8 82Y9002YVN',2,'[{\"changed\": {\"fields\": [\"Image\"]}}]',25,1),(1246,'2023-11-29 19:33:09.304000','47','Laptop Lenovo Legion Slim 5 16IRH8 82YA008HVN',2,'[{\"changed\": {\"fields\": [\"Image\"]}}]',25,1),(1247,'2023-11-29 19:33:36.727000','48','Laptop Lenovo Legion Slim 5 16IRH8 82YA00BSVN',2,'[{\"changed\": {\"fields\": [\"Image\"]}}]',25,1),(1248,'2023-11-29 19:33:51.067000','49','Laptop Lenovo Ideapad Gaming 3 15ARH7 82SB00JUVN',2,'[{\"changed\": {\"fields\": [\"Image\"]}}]',25,1),(1249,'2023-11-29 19:34:05.878000','50','Laptop Gaming Mới Legion Y530',2,'[{\"changed\": {\"fields\": [\"Image\"]}}]',25,1),(1250,'2023-11-29 19:34:24.458000','51','Laptop Lenovo Ideapad Gaming 3 15IHU6 82K100LNUS',2,'[{\"changed\": {\"fields\": [\"Image\"]}}]',25,1),(1251,'2023-11-29 19:34:42.595000','52','Laptop LENOVO Legion 5 15ARH7 82RE0035VN 2022',2,'[{\"changed\": {\"fields\": [\"Image\"]}}]',25,1),(1252,'2023-11-29 19:34:52.517000','53','Laptop Lenovo Slim 7 ProX 14ARH7 82V20003US',2,'[{\"changed\": {\"fields\": [\"Image\"]}}]',25,1),(1253,'2023-11-29 19:35:04.469000','54','Laptop Lenovo ThinkPad T16 Gen 1 21CH000JUS',2,'[{\"changed\": {\"fields\": [\"Image\"]}}]',25,1),(1254,'2023-11-29 19:35:16.564000','55','Laptop Lenovo IdeaPad Slim 5 Light 14ABR8 82XS0007VN',2,'[{\"changed\": {\"fields\": [\"Image\"]}}]',25,1),(1255,'2023-11-29 19:36:09.204000','56','Laptop Lenovo Slim 7 14IRP8 83A40005US - Intel Core i5-1340P',2,'[{\"changed\": {\"fields\": [\"Image\"]}}]',25,1),(1256,'2023-11-29 19:36:19.505000','57','Laptop Lenovo IdeaPad 5 Pro 16ACH6 82L500F5US',2,'[{\"changed\": {\"fields\": [\"Image\"]}}]',25,1),(1257,'2023-11-29 19:36:32.833000','58','Laptop Lenovo Ideapad 5 Pro 14IAP7 82SH0004US',2,'[{\"changed\": {\"fields\": [\"Image\"]}}]',25,1),(1258,'2023-11-29 19:36:55.602000','59','Laptop Lenovo IdeaPad 3 14IIL05 81WD00BFVN',2,'[{\"changed\": {\"fields\": [\"Image\"]}}]',25,1),(1259,'2023-11-29 19:37:12.502000','60','Laptop Lenovo V14 G3 IAP 82TS00AXVN',2,'[{\"changed\": {\"fields\": [\"Image\"]}}]',25,1),(1260,'2023-11-29 19:37:23.804000','61','Laptop Lenovo Thinkpad L480',2,'[{\"changed\": {\"fields\": [\"Image\"]}}]',25,1),(1261,'2023-11-29 19:37:38.726000','62','Laptop Lenovo IdeaPad 3 14ABA7 82RM003UVN (2022)',2,'[{\"changed\": {\"fields\": [\"Image\"]}}]',25,1),(1262,'2023-11-29 19:37:51.897000','63','Laptop Lenovo Thinkpad E14 Gen 2-ITU 20TA002LVA',2,'[{\"changed\": {\"fields\": [\"Image\"]}}]',25,1),(1263,'2023-11-29 19:40:01.970000','64','Laptop HP Envy x360 2 in 1 15-fe0053dx 7H9Y3UA',2,'[{\"changed\": {\"fields\": [\"Image\"]}}]',25,1),(1264,'2023-11-29 19:42:59.298000','65','Laptop HP Pavilion X360 14-EK0057TU 6K7E0PA',2,'[{\"changed\": {\"fields\": [\"Image\"]}}]',25,1),(1265,'2023-11-29 19:43:22.929000','66','Laptop HP Pavilion 15 EG2084TU 7C0Q6PA',2,'[{\"changed\": {\"fields\": [\"Image\"]}}]',25,1),(1266,'2023-11-29 19:43:33.619000','67','Laptop HP 15s-fq5163TU 7C135PA',2,'[{\"changed\": {\"fields\": [\"Image\"]}}]',25,1),(1267,'2023-11-29 19:43:46.871000','68','Laptop HP Elitebook 840 G8',2,'[{\"changed\": {\"fields\": [\"Image\"]}}]',25,1),(1268,'2023-11-29 19:44:00.317000','69','Laptop HP ProBook 440 G7',2,'[{\"changed\": {\"fields\": [\"Image\"]}}]',25,1),(1269,'2023-11-29 19:44:19.579000','70','Laptop HP Notebook 14s cr2005tu',2,'[{\"changed\": {\"fields\": [\"Image\"]}}]',25,1),(1270,'2023-11-29 19:45:36.718000','71','Laptop HP Elitebook 840 G3',2,'[{\"changed\": {\"fields\": [\"Image\"]}}]',25,1),(1271,'2023-11-29 19:45:47.557000','72','Laptop HP Probook 640 G2',2,'[{\"changed\": {\"fields\": [\"Image\"]}}]',25,1),(1272,'2023-11-29 19:46:03.451000','73','Laptop HP 15 dy2089ms 4W2K3UA',2,'[{\"changed\": {\"fields\": [\"Image\"]}}]',25,1),(1273,'2023-11-29 19:46:15.752000','74','Laptop HP Pavilion 15-EG2062TU 6K790PA',2,'[{\"changed\": {\"fields\": [\"Image\"]}}]',25,1),(1274,'2023-11-29 19:49:08.159000','206','Laptop HP Pavilion 15 EG2084TU 7C0Q6PA',2,'[{\"changed\": {\"fields\": [\"Image\"]}}]',15,1),(1275,'2023-11-30 09:10:59.253000','7','Feedback object (7)',3,'',26,1),(1276,'2023-11-30 09:10:59.265000','6','Feedback object (6)',3,'',26,1),(1277,'2023-11-30 09:10:59.276000','5','Feedback object (5)',3,'',26,1),(1278,'2023-11-30 09:10:59.289000','4','Feedback object (4)',3,'',26,1),(1279,'2023-11-30 09:10:59.300000','3','Feedback object (3)',3,'',26,1),(1280,'2023-11-30 09:10:59.312000','2','Feedback object (2)',3,'',26,1),(1281,'2023-11-30 09:10:59.325000','1','Feedback object (1)',3,'',26,1),(1282,'2023-11-30 10:26:51.798000','8','Feedback object (8)',3,'',26,1);
/*!40000 ALTER TABLE `django_admin_log` ENABLE KEYS */;
UNLOCK TABLES;

--
-- Table structure for table `django_content_type`
--

DROP TABLE IF EXISTS `django_content_type`;
/*!40101 SET @saved_cs_client     = @@character_set_client */;
/*!50503 SET character_set_client = utf8mb4 */;
CREATE TABLE `django_content_type` (
  `id` int NOT NULL AUTO_INCREMENT,
  `app_label` varchar(100) NOT NULL,
  `model` varchar(100) NOT NULL,
  PRIMARY KEY (`id`),
  UNIQUE KEY `django_content_type_app_label_model_76bd3d3b_uniq` (`app_label`,`model`)
) ENGINE=InnoDB AUTO_INCREMENT=28 DEFAULT CHARSET=utf8mb4 COLLATE=utf8mb4_0900_ai_ci;
/*!40101 SET character_set_client = @saved_cs_client */;

--
-- Dumping data for table `django_content_type`
--

LOCK TABLES `django_content_type` WRITE;
/*!40000 ALTER TABLE `django_content_type` DISABLE KEYS */;
INSERT INTO `django_content_type` VALUES (1,'admin','logentry'),(3,'auth','group'),(2,'auth','permission'),(4,'contenttypes','contenttype'),(7,'myapp','age'),(8,'myapp','brand'),(9,'myapp','card'),(10,'myapp','category'),(27,'myapp','chitietdonhang'),(11,'myapp','cpu'),(12,'myapp','detail'),(13,'myapp','discount'),(26,'myapp','feedback'),(14,'myapp','harddrive'),(15,'myapp','image'),(25,'myapp','laptop'),(16,'myapp','loai'),(24,'myapp','manhinh'),(23,'myapp','order'),(22,'myapp','phuongxa'),(17,'myapp','product'),(21,'myapp','quanhuyen'),(20,'myapp','ram'),(18,'myapp','status'),(19,'myapp','thanhpho'),(6,'myapp','user'),(5,'sessions','session');
/*!40000 ALTER TABLE `django_content_type` ENABLE KEYS */;
UNLOCK TABLES;

--
-- Table structure for table `django_migrations`
--

DROP TABLE IF EXISTS `django_migrations`;
/*!40101 SET @saved_cs_client     = @@character_set_client */;
/*!50503 SET character_set_client = utf8mb4 */;
CREATE TABLE `django_migrations` (
  `id` bigint NOT NULL AUTO_INCREMENT,
  `app` varchar(255) NOT NULL,
  `name` varchar(255) NOT NULL,
  `applied` datetime(6) NOT NULL,
  PRIMARY KEY (`id`)
) ENGINE=InnoDB AUTO_INCREMENT=20 DEFAULT CHARSET=utf8mb4 COLLATE=utf8mb4_0900_ai_ci;
/*!40101 SET character_set_client = @saved_cs_client */;

--
-- Dumping data for table `django_migrations`
--

LOCK TABLES `django_migrations` WRITE;
/*!40000 ALTER TABLE `django_migrations` DISABLE KEYS */;
INSERT INTO `django_migrations` VALUES (1,'contenttypes','0001_initial','2023-11-30 11:17:44.717277'),(2,'contenttypes','0002_remove_content_type_name','2023-11-30 11:17:44.819794'),(3,'auth','0001_initial','2023-11-30 11:17:45.115254'),(4,'auth','0002_alter_permission_name_max_length','2023-11-30 11:17:45.186652'),(5,'auth','0003_alter_user_email_max_length','2023-11-30 11:17:45.186652'),(6,'auth','0004_alter_user_username_opts','2023-11-30 11:17:45.203463'),(7,'auth','0005_alter_user_last_login_null','2023-11-30 11:17:45.225932'),(8,'auth','0006_require_contenttypes_0002','2023-11-30 11:17:45.231924'),(9,'auth','0007_alter_validators_add_error_messages','2023-11-30 11:17:45.255472'),(10,'auth','0008_alter_user_username_max_length','2023-11-30 11:17:45.269445'),(11,'auth','0009_alter_user_last_name_max_length','2023-11-30 11:17:45.270960'),(12,'auth','0010_alter_group_name_max_length','2023-11-30 11:17:45.320459'),(13,'auth','0011_update_proxy_permissions','2023-11-30 11:17:45.320459'),(14,'auth','0012_alter_user_first_name_max_length','2023-11-30 11:17:45.337869'),(15,'myapp','0001_initial','2023-11-30 11:17:48.318062'),(16,'admin','0001_initial','2023-11-30 11:17:48.459070'),(17,'admin','0002_logentry_remove_auto_add','2023-11-30 11:17:48.469678'),(18,'admin','0003_logentry_add_action_flag_choices','2023-11-30 11:17:48.490862'),(19,'sessions','0001_initial','2023-11-30 11:17:48.540945');
/*!40000 ALTER TABLE `django_migrations` ENABLE KEYS */;
UNLOCK TABLES;

--
-- Table structure for table `django_session`
--

DROP TABLE IF EXISTS `django_session`;
/*!40101 SET @saved_cs_client     = @@character_set_client */;
/*!50503 SET character_set_client = utf8mb4 */;
CREATE TABLE `django_session` (
  `session_key` varchar(40) NOT NULL,
  `session_data` longtext NOT NULL,
  `expire_date` datetime(6) NOT NULL,
  PRIMARY KEY (`session_key`),
  KEY `django_session_expire_date_a5c62663` (`expire_date`)
) ENGINE=InnoDB DEFAULT CHARSET=utf8mb4 COLLATE=utf8mb4_0900_ai_ci;
/*!40101 SET character_set_client = @saved_cs_client */;

--
-- Dumping data for table `django_session`
--

LOCK TABLES `django_session` WRITE;
/*!40000 ALTER TABLE `django_session` DISABLE KEYS */;
INSERT INTO `django_session` VALUES ('50klt9fqmshxa3oj8lw3wcqjzrxxva3o','.eJxVjE0OwiAYBe_C2hAKQsGle89A-H6QqoGktCvj3Q1JF7p9M_PeIqZ9K3HvvMaFxEVM4vS7QcIn1wHokeq9SWx1WxeQQ5EH7fLWiF_Xw_07KKmXUYOfnAqMbNF7xQwGnVE-5Ezk0ZG22loymjhosIRnozQEg7PLs08sPl_8KTh1:1r8eFW:mw_ojdV5_geFi5R0NwicIZafDJgAHtn_y3LSOc7jqks','2023-12-14 10:26:26.737000'),('amovw29m13cqreugj8n1nli2dfqzc7qk','.eJxVjE0OwiAYBe_C2hAKQsGle89A-H6QqoGktCvj3Q1JF7p9M_PeIqZ9K3HvvMaFxEVM4vS7QcIn1wHokeq9SWx1WxeQQ5EH7fLWiF_Xw_07KKmXUYOfnAqMbNF7xQwGnVE-5Ezk0ZG22loymjhosIRnozQEg7PLs08sPl_8KTh1:1r8eTU:QT16CnAO6NBzGxwW5lOUwqlZmFFSbqr27pIXukhEkVc','2023-12-14 10:40:52.173000'),('ejn4wyrf4gm5twbr2xjzy83b8be46keu','.eJxVjDsOwjAQBe_iGln-R6ak5wzWeneNA8iW4qRC3B0ipYD2zcx7iQTbWtM2eEkzibMw4vS7ZcAHtx3QHdqtS-xtXeYsd0UedMhrJ35eDvfvoMKo3zrawhNydFE7j46L9uy8ytGiU2SAIytAzCYWpCkE8gQYFOlMhBa8eH8A_Sw5Hw:1r8dm7:LCqLI8CO1Y7P0HgWyA_NlNT_2Csve7Cyb4Av2WGJULw','2023-12-14 09:56:03.329000'),('k39qsdw4adtpbv4ohng61kfdy3c5k4hp','.eJxVjE0OwiAYBe_C2hAKQsGle89A-H6QqoGktCvj3Q1JF7p9M_PeIqZ9K3HvvMaFxEVM4vS7QcIn1wHokeq9SWx1WxeQQ5EH7fLWiF_Xw_07KKmXUYOfnAqMbNF7xQwGnVE-5Ezk0ZG22loymjhosIRnozQEg7PLs08sPl_8KTh1:1r8Qj2:KDF1d5ZlnG0g7Qq1LmC_SfU3IaQ-Otg0ZSzNH0bcdeA','2023-12-13 20:00:00.555000'),('sj6370k0ut9d7lwolc6qvrzk7f93kh57','.eJxVjE0OwiAYBe_C2hAKQsGle89A-H6QqoGktCvj3Q1JF7p9M_PeIqZ9K3HvvMaFxEVM4vS7QcIn1wHokeq9SWx1WxeQQ5EH7fLWiF_Xw_07KKmXUYOfnAqMbNF7xQwGnVE-5Ezk0ZG22loymjhosIRnozQEg7PLs08sPl_8KTh1:1r8iYp:_ye8Gk44HLnhADSjueB2Hq9mdHtu2BMUdFkxWNCQVwg','2023-12-14 15:02:39.188931'),('vvmrmzx2kzjhll6g8e3ng3w3e9y082ln','.eJxVjE0OwiAYBe_C2hAKQsGle89A-H6QqoGktCvj3Q1JF7p9M_PeIqZ9K3HvvMaFxEVM4vS7QcIn1wHokeq9SWx1WxeQQ5EH7fLWiF_Xw_07KKmXUYOfnAqMbNF7xQwGnVE-5Ezk0ZG22loymjhosIRnozQEg7PLs08sPl_8KTh1:1r8dzV:o2MIrrTX1CEeL0neV56n5vXB0bnOz2RYdrZCDHEoR6g','2023-12-14 10:09:53.296000'),('xpod2ow0p32mpqwbpvxjfmwyorp6dp3a','.eJxVjEEOwiAQRe_C2hAGioBL9z0DmYFRqoYmpV0Z7y5NutDte-__t4i4rSVujZc4ZXERWpx-GWF6ct1FfmC9zzLNdV0mknsiD9vkOGd-XY_276BgK33NIVMeyLpgwIDzyJysB506CAiKzMCdkQvZnGFQDlCjDcprBmXpJj5f5F03mw:1r8ilH:EqwuLiEfuyoUkmRZQ7CvYDjFeT64jw49YllOUV5d_u4','2023-12-14 15:15:31.011514'),('ydmf410p04pxp0rw813qqewoenuvdjw9','.eJxVjE0OwiAYBe_C2hAKQsGle89A-H6QqoGktCvj3Q1JF7p9M_PeIqZ9K3HvvMaFxEVM4vS7QcIn1wHokeq9SWx1WxeQQ5EH7fLWiF_Xw_07KKmXUYOfnAqMbNF7xQwGnVE-5Ezk0ZG22loymjhosIRnozQEg7PLs08sPl_8KTh1:1r8Zk2:YPlKqMXyHiXHjKQA1dKVwBFzoSuiMl9r5s7PAIrgrwI','2023-12-14 05:37:38.871000');
/*!40000 ALTER TABLE `django_session` ENABLE KEYS */;
UNLOCK TABLES;

--
-- Table structure for table `feedback`
--

DROP TABLE IF EXISTS `feedback`;
/*!40101 SET @saved_cs_client     = @@character_set_client */;
/*!50503 SET character_set_client = utf8mb4 */;
CREATE TABLE `feedback` (
  `id` bigint NOT NULL AUTO_INCREMENT,
  `content` longtext NOT NULL,
  `vote` int DEFAULT NULL,
  `date` datetime(6) DEFAULT NULL,
  `product_id` bigint DEFAULT NULL,
  `user_id` bigint DEFAULT NULL,
  PRIMARY KEY (`id`),
  KEY `Feedback_product_id_ee8e6462_fk_Product_id` (`product_id`),
  KEY `Feedback_user_id_2ae0a07a_fk_User_id` (`user_id`),
  CONSTRAINT `Feedback_product_id_ee8e6462_fk_Product_id` FOREIGN KEY (`product_id`) REFERENCES `product` (`id`),
  CONSTRAINT `Feedback_user_id_2ae0a07a_fk_User_id` FOREIGN KEY (`user_id`) REFERENCES `user` (`id`)
) ENGINE=InnoDB AUTO_INCREMENT=2 DEFAULT CHARSET=utf8mb4 COLLATE=utf8mb4_0900_ai_ci;
/*!40101 SET character_set_client = @saved_cs_client */;

--
-- Dumping data for table `feedback`
--

LOCK TABLES `feedback` WRITE;
/*!40000 ALTER TABLE `feedback` DISABLE KEYS */;
INSERT INTO `feedback` VALUES (1,'oki la',0,'2023-11-30 11:19:18.513234',62,2);
/*!40000 ALTER TABLE `feedback` ENABLE KEYS */;
UNLOCK TABLES;

--
-- Table structure for table `harddrive`
--

DROP TABLE IF EXISTS `harddrive`;
/*!40101 SET @saved_cs_client     = @@character_set_client */;
/*!50503 SET character_set_client = utf8mb4 */;
CREATE TABLE `harddrive` (
  `id` bigint NOT NULL AUTO_INCREMENT,
  `loai` varchar(30) DEFAULT NULL,
  `standard` varchar(30) DEFAULT NULL,
  `size` varchar(30) DEFAULT NULL,
  `memory` varchar(30) DEFAULT NULL,
  `image_id` bigint DEFAULT NULL,
  `product_id` bigint NOT NULL,
  PRIMARY KEY (`id`),
  UNIQUE KEY `product_id` (`product_id`),
  UNIQUE KEY `image_id` (`image_id`),
  CONSTRAINT `Harddrive_image_id_34038de2_fk_Image_id` FOREIGN KEY (`image_id`) REFERENCES `image` (`id`),
  CONSTRAINT `Harddrive_product_id_983449d1_fk_Product_id` FOREIGN KEY (`product_id`) REFERENCES `product` (`id`)
) ENGINE=InnoDB AUTO_INCREMENT=21 DEFAULT CHARSET=utf8mb4 COLLATE=utf8mb4_0900_ai_ci;
/*!40101 SET character_set_client = @saved_cs_client */;

--
-- Dumping data for table `harddrive`
--

LOCK TABLES `harddrive` WRITE;
/*!40000 ALTER TABLE `harddrive` DISABLE KEYS */;
INSERT INTO `harddrive` VALUES (1,'SSD','PVIe NVMe','22x80mm','2TB',365,119),(2,'SSD','NVMe PCIe','22x80mm','2TB',369,120),(3,'SSD','M.2 NVMe','22x80mm','2TB',372,121),(4,'SSD','NVMe 2.0','22x80mm','1TB',375,122),(5,'SSD','PCIe NVMe','22x80mm','1TB',378,123),(6,'SSD','M.2 NVMe','22x80mm','1TB',381,124),(7,'SSD','SATA III','2.5 Inch','1TB',384,125),(8,'SSD','NVMe PCIe','22x80mm','1TB',387,126),(9,'SSD','SATA','2.5 inch','1TB',390,127),(10,'SSD','M.2 NVMe','22x80mm','1TB',393,128),(11,'HDD','SATA III','2.5 inch','2TB',395,129),(12,NULL,NULL,NULL,NULL,NULL,197),(13,NULL,NULL,NULL,NULL,NULL,198),(14,NULL,NULL,NULL,NULL,NULL,199),(15,NULL,NULL,NULL,NULL,NULL,200),(16,NULL,NULL,NULL,NULL,NULL,201),(17,NULL,NULL,NULL,NULL,NULL,202),(18,NULL,NULL,NULL,NULL,NULL,204),(19,NULL,NULL,NULL,NULL,NULL,205),(20,NULL,NULL,NULL,NULL,NULL,203);
/*!40000 ALTER TABLE `harddrive` ENABLE KEYS */;
UNLOCK TABLES;

--
-- Table structure for table `image`
--

DROP TABLE IF EXISTS `image`;
/*!40101 SET @saved_cs_client     = @@character_set_client */;
/*!50503 SET character_set_client = utf8mb4 */;
CREATE TABLE `image` (
  `id` bigint NOT NULL AUTO_INCREMENT,
  `image` varchar(255) DEFAULT NULL,
  `product_id` bigint NOT NULL,
  PRIMARY KEY (`id`),
  KEY `Image_product_id_036982b9_fk_Product_id` (`product_id`),
  CONSTRAINT `Image_product_id_036982b9_fk_Product_id` FOREIGN KEY (`product_id`) REFERENCES `product` (`id`)
) ENGINE=InnoDB AUTO_INCREMENT=422 DEFAULT CHARSET=utf8mb4 COLLATE=utf8mb4_0900_ai_ci;
/*!40101 SET character_set_client = @saved_cs_client */;

--
-- Dumping data for table `image`
--

LOCK TABLES `image` WRITE;
/*!40000 ALTER TABLE `image` DISABLE KEYS */;
INSERT INTO `image` VALUES (1,'https://laptop88.vn/media/product/8336_1a4ddaf8_0ec7_4d79_8847_46d5140ddc38.png',1),(2,'https://laptop88.vn/media/product/8336_3fb10c4b_fe88_4f2c_9c90_045e39a11c78.png',1),(3,'https://laptop88.vn/media/product/8336_57d8eb59_ad6a_4cf3_9c44_74a8c4681fd2.png',1),(4,'https://laptop88.vn/media/product/8178_05_ga402_black_lb.png',2),(5,'https://laptop88.vn/media/product/8178_2_30.jpg',2),(6,'https://laptop88.vn/media/product/8178_6_34.jpg',2),(7,'https://laptop88.vn/media/product/8477_photo_2023_10_04_15_03_29.jpg',3),(8,'https://laptop88.vn/media/product/8477_photo_2023_10_04_15_03_40.jpg',3),(9,'https://laptop88.vn/media/product/8477_photo_2023_10_04_15_03_37.jpg',3),(10,'https://laptop88.vn/media/product/6925__m___i_100__full_box__laptop_asus_tuf_gaming_f15_fx506lh_hn188w___intel_core_i5.png',4),(11,'https://laptop88.vn/media/product/6925_asus_tuf_gaming_f15_fx506lh_hn188w.jpg',4),(12,'https://laptop88.vn/media/product/6925_6486_asus_900x900.png',4),(13,'https://laptop88.vn/media/product/7025_64403_laptop_asus_gaming_rog_strix_g713rm_5.png',5),(14,'https://laptop88.vn/media/product/7025_6486_asus_900x900.png',5),(15,'https://laptop88.vn/media/product/7025_6486_asus_900x900.png',5),(16,'https://laptop88.vn/media/product/7200_21554_laptop_asus_rog_zephyrus_g15_ga503rm_ln006w.jpg',6),(17,'https://laptop88.vn/media/product/7200_21554_laptop_asus_rog_zephyrus_g15_ga503rm_ln006w.jpg',6),(18,'https://laptop88.vn/media/product/7200_21554_laptop_asus_rog_zephyrus_g15_ga503rm_ln006w_1.jpg',6),(19,'https://laptop88.vn/media/product/7200_21554_laptop_asus_rog_zephyrus_g15_ga503rm_ln006w_2.jpg',6),(20,'https://laptop88.vn/media/product/7312_21563_asus_rog_zephyrus_g14_ga402rj_l8030w.jpg',7),(21,'https://laptop88.vn/media/product/7312_21563_asus_rog_zephyrus_g14_ga402rj_l8030w_3.jpg',7),(22,'https://laptop88.vn/media/product/7312_21563_asus_rog_zephyrus_g14_ga402rj_l8030w_2.jpg',7),(23,'https://laptop88.vn/media/product/7908_asus_rog_flow_x16_2023_thinkpro_01.png',8),(24,'https://laptop88.vn/media/product/7908_asus_rog_flow_x16_2023_thinkpro_05.png',8),(25,'https://laptop88.vn/media/product/7908_asus_rog_flow_x16_2023_thinkpro_04.png',8),(26,'https://laptop88.vn/media/product/7909_asus_rog_zephyrus_g14_2023_display_miniled.jpg',9),(27,'https://laptop88.vn/media/product/7909_internals_3.jpg',9),(28,'https://laptop88.vn/media/product/7909_internals_1.jpg',9),(29,'https://laptop88.vn/media/product/7913_asus_rog_flow_x13_2023_thinkpro_01.png',10),(30,'https://laptop88.vn/media/product/7913_asus_rog_flow_x13_2023_thinkpro_05.png',10),(31,'https://laptop88.vn/media/product/7913_asus_rog_flow_x13_2023_thinkpro_02.png',10),(32,'https://laptop88.vn/media/product/7914_rog_flow_z13_111111.jpg',11),(33,'https://laptop88.vn/media/product/7914_rog_flow_z13_111111.jpg',11),(34,'https://laptop88.vn/media/product/7914_rog_flow_z13_111111.jpg',11),(35,'https://laptop88.vn/media/product/8246_10344_asus_tuf_gaming_f15_fx507_4.jpg',12),(36,'https://laptop88.vn/media/product/8246_10344_asus_tuf_gaming_f15_fx507_2.jpg',12),(37,'https://laptop88.vn/media/product/8246_10344_asus_tuf_gaming_f15_fx507_3.jpg',12),(38,'https://laptop88.vn/media/product/8566_12824_asus_zenbook_pro_14_oled_ux6404_5.jpg',13),(39,'https://laptop88.vn/media/product/8566_12824_asus_zenbook_pro_14_oled_ux6404_3.jpg',13),(40,'https://laptop88.vn/media/product/8566_12824_asus_zenbook_pro_14_oled_ux6404_4.jpg',13),(41,'https://laptop88.vn/media/product/pro_poster_8038.jpg',14),(42,'https://laptop88.vn/media/product/8038_8044_12529_asus_zenbook_14_flip_oled_up3404_2.jpg',14),(43,'https://laptop88.vn/media/product/8038_8044_12529_asus_zenbook_14_flip_oled_up3404_7.jpg',14),(44,'https://laptop88.vn/media/product/8358_photo_2023_08_18_15_00_14.jpg',15),(45,'https://laptop88.vn/media/product/8358_photo_2023_08_18_15_00_27.jpg',15),(46,'https://laptop88.vn/media/product/8358_photo_2023_08_18_15_00_23.jpg',15),(47,'https://laptop88.vn/media/product/8579_8509_34_236_330_19.jpg',16),(48,'https://laptop88.vn/media/product/8579_8509_661608f1c165088c6c9c670fcae95ff1_md.jpg',16),(49,'https://laptop88.vn/media/product/8579_8509_23d96b32cfd52065621536c83184c502_md.jpg',16),(50,'https://laptop88.vn/media/product/8580_doc_2023_11_06_16_44_35.png',17),(51,'https://laptop88.vn/media/product/8580_doc_2023_11_06_16_44_35.png',17),(52,'https://laptop88.vn/media/product/8580_doc_2023_11_06_16_44_21.png',17),(53,'https://laptop88.vn/media/product/8580_doc_2023_11_06_16_44_28.png',17),(54,'https://laptop88.vn/media/product/8347_12988_asus_vivobook_go_14_e1404_8.jpg',18),(55,'https://laptop88.vn/media/product/8347_12988_asus_vivobook_go_14_e1404_5.jpg',18),(56,'https://laptop88.vn/media/product/8347_12988_asus_vivobook_go_14_e1404_2.jpg',18),(57,'https://laptop88.vn/media/product/pro_poster_7388.jpg',19),(58,'https://laptop88.vn/media/product/7388_ac_m___i_100__full_box_laptop_hp_pavilion_x360_14_ek0057tu_6k7e0pa.jpg',19),(59,'https://laptop88.vn/media/product/7388_laptop_hp_pavilion_14_dv2051tu_6k7g8pa_bac_113882.png',19),(60,'https://laptop88.vn/media/product/pro_poster_6691.jpg',20),(61,'https://laptop88.vn/media/product/pro_poster_6691.jpg',20),(62,'https://laptop88.vn/media/product/6691_asus_chinh_hang.jpg',20),(63,'https://laptop88.vn/media/product/6691_6336_asus_experbook_p2451fa_7_4_1.jpg',20),(64,'https://laptop88.vn/media/product/6986_6896_60965_laptop_asus_vivobook_a515ep_bq630t_win10_bac_5.png',21),(65,'https://laptop88.vn/media/product/6986_6896_60965_laptop_asus_vivobook_a515ep_bq630t_win10_bac_4.png',21),(66,'https://laptop88.vn/media/product/6986_6896_60965_laptop_asus_vivobook_a515ep_bq630t_win10_bac_3.png',21),(67,'https://laptop88.vn/media/product/pro_poster_7319.jpg',22),(68,'https://laptop88.vn/media/product/7319_asus_vivobook_14x_a1403za_km161w_3.jpg',22),(69,'https://laptop88.vn/media/product/7319_asus_vivobook_14x_a1403za_km161w_4.jpg',22),(70,'https://laptop88.vn/media/product/pro_poster_6821.jpg',23),(71,'https://laptop88.vn/media/product/6821_ac___laptop_asus_vivobook_x515ep_ej405w___intel_core_i5.jpg',23),(72,'https://laptop88.vn/media/product/6821_6823_6637_asus_900x900.png',23),(73,'https://laptop88.vn/media/product/pro_poster_6823.jpg',24),(74,'https://laptop88.vn/media/product/6823_61480_laptop_asus_vivobook_a515ea_2.jpg',24),(75,'https://laptop88.vn/media/product/6823_61480_laptop_asus_vivobook_a515ea_5.jpg',24),(76,'https://laptop88.vn/media/product/pro_poster_8080.jpg',25),(77,'https://laptop88.vn/media/product/pro_poster_8080.jpg',25),(78,'https://laptop88.vn/media/product/8080_dell_g16_7630_2023_900x900_5.jpg',25),(79,'https://laptop88.vn/media/product/8153_8150____nh_1__2_.jpg',26),(80,'https://laptop88.vn/media/product/8153_8150____nh_5.jpg',26),(81,'https://laptop88.vn/media/product/8153_8150____nh_4.jpg',26),(82,'https://laptop88.vn/media/product/pro_poster_8053.jpg',27),(83,'https://laptop88.vn/media/product/8053_90b2a93a5540bdd1b0a6e1b148df6eafe249004b.jpg',27),(84,'https://laptop88.vn/media/product/8053_5e65769535201d21d25515852cbd99e7164ed2ee.jpg',27),(85,'https://laptop88.vn/media/product/8516_gs_008975_feature_97495.jpg',28),(86,'https://laptop88.vn/media/product/8516_dellg155511ap105f006agr17.jpg',28),(87,'https://laptop88.vn/media/product/8516_20225271417334.png',28),(88,'https://laptop88.vn/media/product/8516_20225271417334.png',29),(89,'https://laptop88.vn/media/product/3909_dell_inspiron_5577_2.png',29),(90,'https://laptop88.vn/media/product/3909_dell_inspiron_5577_5.png',29),(91,'https://laptop88.vn/media/product/3909_dell_inspiron_5577_4.png',29),(92,'https://laptop88.vn/media/product/pro_poster_4316.jpg',30),(93,'https://laptop88.vn/media/product/4316__bg5sni.jpg',30),(94,'https://laptop88.vn/media/product/4316_35107_laptop_dell_gaming_g7_inspiron_7588_70183902_2.jpg',30),(95,'https://laptop88.vn/media/product/6696_laptop_dell_vostro_3405_3.png',31),(96,'https://laptop88.vn/media/product/6696_laptop_dell_vostro_3405_3.png',31),(97,'https://laptop88.vn/media/product/6696_6881_dell_vostro_3405_anh_01.jpg',31),(98,'https://laptop88.vn/media/product/6696_6881_dell_vostro_3405_anh_04.jpg',31),(99,'https://laptop88.vn/media/product/5762_dell_g5_15_5500.jpg',32),(100,'https://laptop88.vn/media/product/5762_dell_g5_15_5500_3_2.jpg',32),(101,'https://laptop88.vn/media/product/5762_dell_g5_15_5500_2_2.jpg',32),(102,'https://laptop88.vn/media/product/pro_poster_6616.jpg',33),(103,'https://laptop88.vn/media/product/6616_dsc07831.jpg',33),(104,'https://laptop88.vn/media/product/6616_dell_3505_900x900.jpg',33),(105,'https://laptop88.vn/media/product/pro_poster_6649.jpg',34),(106,'https://laptop88.vn/media/product/6649_6264_laptop_dell_inspiron_15_3505_y1n1t1.jpg',34),(107,'https://laptop88.vn/media/product/6649_dell_900x900.png',34),(108,'https://laptop88.vn/media/product/7883_csm_alienware_x16_02_159aeeb2fb_1536x1146.png',35),(109,'https://laptop88.vn/media/product/7883_csm_alienware_x16_07_3567669ae8_1536x1153.png',35),(110,'https://laptop88.vn/media/product/7883_csm_alienware_x16_03_3165d61d8d_1536x1172.jpg',35),(111,'https://laptop88.vn/media/product/pro_poster_8052.jpg',36),(112,'https://laptop88.vn/media/product/8052_ac_sale_dell_g16_7620___intel_core_i7___12700h.jpg',36),(113,'https://laptop88.vn/media/product/8052_7857_dell_g16_7620_900x900_4.jpg',36),(114,'https://laptop88.vn/media/product/8258_photo_2023_06_30_14_29_41.jpg',37),(115,'https://laptop88.vn/media/product/8258_photo_2023_06_30_14_30_32.jpg',37),(116,'https://laptop88.vn/media/product/8258_photo_2023_06_30_14_30_26.jpg',37),(117,'https://laptop88.vn/media/product/7064_dell_xps_13_9320_05_1642410122.jpg',38),(118,'https://laptop88.vn/media/product/7064_dell_xps_13_9320_07_1642410122.jpg',38),(119,'https://laptop88.vn/media/product/7064_dell_xps_13_9320_06_1642410122.jpg',38),(120,'https://laptop88.vn/media/product/8256_dell_vostro_5630_i5_i5p085w11gru_3_1.jpg',39),(121,'https://laptop88.vn/media/product/8256_dell_vostro_5630_i5_i5p085w11gru_6_1.jpg',39),(122,'https://laptop88.vn/media/product/8256_dell_vostro_5630_i5_i5p085w11gru_5_1.jpg',39),(123,'https://laptop88.vn/media/product/8494_8374_dell_5330_900x900.jpg',40),(124,'https://laptop88.vn/media/product/8494_8374_dell_5330_900x900_7.jpg',40),(125,'https://laptop88.vn/media/product/8494_8374_dell_5330_900x900_4.jpg',40),(126,'https://laptop88.vn/media/product/8563_8411_8268_dell_b___c_900x900.jpg',41),(127,'https://laptop88.vn/media/product/8563_8411_8268_dell_b___c_900x900_2.jpg',41),(128,'https://laptop88.vn/media/product/8563_8411_8268_dell_b___c_900x900_3.jpg',41),(129,'https://laptop88.vn/media/product/pro_poster_8460.jpg',42),(130,'https://laptop88.vn/media/product/8460_7620_1.png',42),(131,'https://laptop88.vn/media/product/8460_7620_2.jpg',42),(132,'https://laptop88.vn/media/product/3819_anb_dell_xps_13_9305.jpg',43),(133,'https://laptop88.vn/media/product/3819_6807_9305____nh_m__y_3.jpg',43),(134,'https://laptop88.vn/media/product/3819_6807__nmt8991a.jpg',43),(135,'https://laptop88.vn/media/product/8254_photo_2023_06_30_13_47_36.jpg',44),(136,'https://laptop88.vn/media/product/8254_photo_2023_06_30_13_47_07.jpg',44),(137,'https://laptop88.vn/media/product/8254_photo_2023_06_30_13_46_46.jpg',44),(138,'https://laptop88.vn/media/product/pro_poster_6924.jpg',45),(139,'https://laptop88.vn/media/product/6924_13168_lenovo_legion_slim_5_16irh8_82ya00buvn_5.png',45),(140,'https://laptop88.vn/media/product/6924_legion_slim_laptop_3_1024x653.png',45),(141,'https://laptop88.vn/media/product/6924_legion_slim_laptop_3_1024x653.png',46),(142,'https://laptop88.vn/media/product/8527_legion_slim_5_16irh8_ct1_10_62cee24147b54bf4ada2a8317434d9b6_1024x1024.png',46),(143,'https://laptop88.vn/media/product/8527_legion_slim_5_16irh8_ct1_06_1.jpg',46),(144,'https://laptop88.vn/media/product/8581_t___i_xu___ng__86_.jpg',57),(145,'https://laptop88.vn/media/product/8581_t___i_xu___ng__86_.jpg',57),(146,'https://laptop88.vn/media/product/8581_ezgif_com_gif_maker_6__65949_1665045736_1280_1280__31508_1675337135_1280_1280__10785.jpg',57),(147,'https://laptop88.vn/media/product/8581_laptop_lenovo_slim_7_prox_14arh7_82v20003us___ac.jpg',57),(148,'https://laptop88.vn/media/product/8467_46230_laptop_lenovo_legion_slim_5_16irh8_82ya008hvn_anphatpc.jpg',47),(149,'https://laptop88.vn/media/product/8467_46230_laptop_lenovo_legion_slim_5_16irh8_82ya008hvn__4_.jpg',47),(150,'https://laptop88.vn/media/product/8467_46230_laptop_lenovo_legion_slim_5_16irh8_82ya008hvn__3_.jpg',47),(151,'https://laptop88.vn/media/product/8574_legion_slim_5_16irh8_ct1_10_1.jpg',48),(152,'https://laptop88.vn/media/product/8574_doc_2023_11_03_13_34_40.png',48),(153,'https://laptop88.vn/media/product/8574_13168_lenovo_legion_slim_5_16irh8_82ya00buvn_1.jpg',48),(154,'https://laptop88.vn/media/product/8260_photo_2023_06_30_14_45_37.jpg',49),(155,'https://laptop88.vn/media/product/8260_photo_2023_06_30_14_45_51.jpg',49),(156,'https://laptop88.vn/media/product/8260_photo_2023_06_30_14_45_51.jpg',49),(157,'https://laptop88.vn/media/product/8260_photo_2023_06_30_14_45_42.jpg',49),(158,'https://laptop88.vn/media/product/pro_poster_4289.jpg',54),(159,'https://laptop88.vn/media/product/4289_lenovo_legion_y530_15ich_c.png',54),(160,'https://laptop88.vn/media/product/4289_lenovo_legion_y530_15ich_a.png',54),(161,'https://laptop88.vn/media/product/7243_ideapad_gaming_3_8_compressed_600x600.jpg',55),(162,'https://laptop88.vn/media/product/7243_ideapad_gaming_3_1_compressed_600x600.jpg',55),(163,'https://laptop88.vn/media/product/7243_ideapad_gaming_3_2_compressed_600x600.jpg',55),(164,'https://laptop88.vn/media/product/7464_10749_lenovo_legion_5_15arh7_82re0035vn_1.jpg',56),(165,'https://laptop88.vn/media/product/7464_10749_lenovo_legion_5_15arh7_82re0035vn_9.jpg',56),(166,'https://laptop88.vn/media/product/7464_10749_lenovo_legion_5_15arh7_82re0035vn_8.jpg',56),(167,'https://laptop88.vn/media/product/8581_t___i_xu___ng__86_.jpg',57),(168,'https://laptop88.vn/media/product/8581_ezgif_com_gif_maker_6__65949_1665045736_1280_1280__31508_1675337135_1280_1280__10785.jpg',57),(169,'https://laptop88.vn/media/product/8581_laptop_lenovo_slim_7_prox_14arh7_82v20003us___ac.jpg',57),(170,'https://laptop88.vn/media/product/8553_doc_2023_10_24_10_22_56.png',58),(171,'https://laptop88.vn/media/product/8553_doc_2023_10_24_10_22_59.png',58),(172,'https://laptop88.vn/media/product/8553_doc_2023_10_24_10_23_02.png',58),(173,'https://laptop88.vn/media/product/8068_ideapad_slim_5_light_14abr8_ct1_01.jpg',59),(174,'https://laptop88.vn/media/product/8068_ideapad_slim_5_light_14abr8_ct2_04__1_.jpg',59),(175,'https://laptop88.vn/media/product/8068_ideapad_slim_5_light_14abr8_ct1_02.jpg',59),(176,'https://laptop88.vn/media/product/pro_poster_8551.jpg',60),(177,'https://laptop88.vn/media/product/8551_images__94_.jpg',60),(178,'https://laptop88.vn/media/product/8551_5175_g7pill__ac_uf894_1000_ql80_.jpg',60),(179,'https://laptop88.vn/media/product/7559_lenovo_ideapad_5_pro_14.jpg',61),(180,'https://laptop88.vn/media/product/7558_51czoq1zm1l__ac_.jpg',61),(181,'https://laptop88.vn/media/product/7558_51urfbkza3l__ac_.jpg',61),(182,'https://laptop88.vn/media/product/pro_poster_7911.jpg',62),(183,'https://laptop88.vn/media/product/7911_ideapad_5_pro_900x900_5.jpg',62),(184,'https://laptop88.vn/media/product/7911_ideapad_5_pro_900x900_1.jpg',62),(185,'https://laptop88.vn/media/product/5287_lenovo_ideapad_3_14iil05_81wd00bfvn_0.jpg',63),(186,'https://laptop88.vn/media/product/5287_lenovo_ideapad_3_14iil05_81wd00bfvn_4.jpg',63),(187,'https://laptop88.vn/media/product/5287_lenovo_ideapad_3_14iil05_81wd00bfvn_3.jpg',63),(188,'https://laptop88.vn/media/product/pro_poster_8470.jpg',64),(189,'https://laptop88.vn/media/product/8470_laptop_lenovo_v14_g3_iap_82ts00ayvn_xam.jpg',64),(190,'https://laptop88.vn/media/product/8470_lenovo_v14_g3_iap_5.jpg',64),(191,'https://laptop88.vn/media/product/pro_poster_5066.jpg',65),(192,'https://laptop88.vn/media/product/5066_thinkpad_l480__1_.png',65),(193,'https://laptop88.vn/media/product/5066_thinkpad_l480__3_.png',65),(194,'https://laptop88.vn/media/product/7422_21729_lenovo_ideapad_slim_3_14aba7_82rm003uvn_3.jpg',66),(195,'https://laptop88.vn/media/product/7422_21729_lenovo_ideapad_slim_3_14aba7_82rm003uvn.jpg',66),(196,'https://laptop88.vn/media/product/7422_21729_lenovo_ideapad_slim_3_14aba7_82rm003uvn.jpg',66),(197,'https://laptop88.vn/media/product/pro_poster_6534.jpg',67),(198,'https://laptop88.vn/media/product/6534_7537_lenovo_thinkpad_e14_gen_2_2.jpg',67),(199,'https://laptop88.vn/media/product/6534_lenovo_900x900.jpg',67),(200,'https://laptop88.vn/media/product/7608_00c637fd230c1d0dedf058a1dc2c6df4_hi.jpg',68),(201,'https://laptop88.vn/media/product/7608_s_l1200__2_.jpg',68),(202,'https://laptop88.vn/media/product/7608_da1bd2e519de7694f0fb33204ca2d3e9_hi.jpg',68),(203,'https://laptop88.vn/media/product/pro_poster_7394.jpg',69),(204,'https://laptop88.vn/media/product/7394_hp_pavilion_x360_14_ek0057tu_6k7e0pa_2.jpg',69),(205,'https://laptop88.vn/media/product/7394_hp_pavilion_x360_14_ek0057tu_6k7e0pa_3.jpg',69),(206,'https://laptop88.vn/media/product/7392_ac_m___i_100__full_box_laptop_hp_pavilion_15_eg2058tu_6k788pa_eg2059tu.jpg',70),(207,'https://laptop88.vn/media/product/7392_hp_pavilion_2022_15.jpg',70),(208,'https://laptop88.vn/media/product/7392_hp_pavilion_15_2022_hot_min.jpg',70),(209,'https://laptop88.vn/media/product/pro_poster_6662.jpg',71),(210,'https://laptop88.vn/media/product/6662_image_2021_11_26_09_29_06.png',71),(211,'https://laptop88.vn/media/product/6662_hp_900x900.png',71),(212,'https://laptop88.vn/media/product/8548_doc_2023_10_23_15_15_46.png',72),(213,'https://laptop88.vn/media/product/8548_doc_2023_10_23_15_16_03.png',72),(214,'https://laptop88.vn/media/product/8548_doc_2023_10_23_15_16_03.png',72),(215,'https://laptop88.vn/media/product/pro_poster_5360.jpg',50),(216,'https://laptop88.vn/media/product/5360_hp_probook_440_g7_5.png',50),(217,'https://laptop88.vn/media/product/5360_hp_probook_440_g7_4.png',50),(218,'https://laptop88.vn/media/product/pro_poster_6724.jpg',51),(219,'https://laptop88.vn/media/product/6724_dsc07500.jpg',51),(220,'https://laptop88.vn/media/product/6724_anb_hp_notebook_14s.png',51),(221,'https://laptop88.vn/media/product/pro_poster_2542.jpg',52),(222,'https://laptop88.vn/media/product/2542_hp_elitebook_840_g3___3.png',52),(223,'https://laptop88.vn/media/product/2542_pro_poster_2542.jpg',52),(224,'https://laptop88.vn/media/product/7031_5073_hp_probook_640_g2__2_.png',53),(225,'https://laptop88.vn/media/product/5073_hp_probook_640_g2__5_.png',53),(226,'https://laptop88.vn/media/product/5073_hp_probook_640_g2__3_.png',53),(227,'https://laptop88.vn/media/product/6972_62699_laptop_hp_15_dy2089ms_13.jpg',73),(228,'https://laptop88.vn/media/product/6972_imagetools0.jpg',73),(229,'https://laptop88.vn/media/product/6972_imagetools1__1_.jpg',73),(230,'https://laptop88.vn/media/product/pro_poster_7476.jpg',74),(231,'https://laptop88.vn/media/product/7476_ac___laptop_hp_pavilion_15_gold.jpg',74),(232,'https://laptop88.vn/media/product/7476_hp_pavilion_15_eg2062tu_6k790pa_2.png',74),(233,'https://laptop88.vn/media/product/8271_amd_ryzen_5_4600g_42ghz_11mb_6_core__am4_box_sin.jpg',75),(234,'https://laptop88.vn/media/product/8271_2022052410384553370_1.jpg',75),(235,'https://laptop88.vn/media/product/8271_2022052410384553370_1.jpg',75),(236,'https://laptop88.vn/media/product/6490_56282_cpu_amd_ryzen_5_5600x__1_.jpg',76),(237,'https://laptop88.vn/media/product/6490_56282_cpu_amd_ryzen_5_5600x__1_.jpg',76),(238,'https://laptop88.vn/media/product/6490_56282_cpu_amd_ryzen_5_5600x__1_.jpg',76),(239,'https://laptop88.vn/media/product/8226_44274_cpu_intel_core_i3_13100__12m_cache__up_to_4_50ghz__4c8t__socket_1700___3_.jpg',77),(240,'https://laptop88.vn/media/product/8226_cpu_intel_core_i3_13100_chinh_hang_gen_134c_8tsocket_1700_1_.jpg',77),(241,'https://laptop88.vn/media/product/8226_cpu_intel_core_i3_13100_12mb_342ghz_up_to_45ghz_4_nhan_8_luong_socket_1700_gen_13_1676112574.jpg',77),(242,'https://laptop88.vn/media/product/8202_18180_cpu_i5_th13.jpg',78),(243,'https://laptop88.vn/media/product/8202_cpu_intel_core_i5_13400_chinh_hang_gen_1310c_16tsocket_1700_1_.jpg',78),(244,'https://laptop88.vn/media/product/8202_cpu_intel_core_i5_13400_1_songphuong_vn_.jpg',78),(245,'https://laptop88.vn/media/product/8155_58401_cpu_intel_core_i3_10105f_3_7ghz_turbo_up_to_4_4ghz_4_nhan_8_luong_6mb_cache_65w_socket_intel_lga_1200_1.jpg',79),(246,'https://laptop88.vn/media/product/8155_zsfupdxdhdojs22ifn9eox.jpg',79),(247,'https://laptop88.vn/media/product/8155_zsfupdxdhdojs22ifn9eox.jpg',79),(248,'https://laptop88.vn/media/product/8154_photo_2023_05_17_12_05_42.jpg',80),(249,'https://laptop88.vn/media/product/8154_1_5.jpeg',80),(250,'https://laptop88.vn/media/product/8085_images__51_.jpg',81),(251,'https://laptop88.vn/media/product/8085_cpu_intel_pentium_gold_g6405_6.jpg',81),(252,'https://laptop88.vn/media/product/8085_intel_g6405.jpeg',81),(253,'https://laptop88.vn/media/product/6852_52620_intel_g5900_hnc.jpg',82),(254,'https://laptop88.vn/media/product/6852_cpu_intel_celeron_g5900_2.jpg',82),(255,'https://laptop88.vn/media/product/6852_40891_processor_g5900_ha2.jpg',82),(256,'https://laptop88.vn/media/product/6851_44010_hnc_intel_i3_9100_right_facing_850x850.jpg',83),(257,'https://laptop88.vn/media/product/6851_2b4cf5e078c228a16ea745bf59df5769.jpg',83),(258,'https://laptop88.vn/media/product/6851_2b4cf5e078c228a16ea745bf59df5769.jpg',83),(259,'https://laptop88.vn/media/product/5972_52364_intel_core_i5_10400_100.jpg',84),(260,'https://laptop88.vn/media/product/5972_2210_front953.jpg',84),(261,'https://laptop88.vn/media/product/5972_2210_front953.jpg',84),(262,'https://laptop88.vn/media/product/8159_44644_vga_asus_dual_geforce_rtx_3060_8gb_gddr6__dual_rtx3060_8g___2_.jpg',85),(263,'https://laptop88.vn/media/product/8159_44644_vga_asus_dual_geforce_rtx_3060_8gb_gddr6__dual_rtx3060_8g___5_.jpg',85),(264,'https://laptop88.vn/media/product/8159_44644_vga_asus_dual_geforce_rtx_3060_8gb_gddr6__dual_rtx3060_8g___6_.jpg',85),(265,'https://laptop88.vn/media/product/7661_p_setting_xxx_0_90_end_692.png',86),(266,'https://laptop88.vn/media/product/7661_p_setting_xxx_0_90_end_500.png',86),(267,'https://laptop88.vn/media/product/7661_card_man_hinh_asus_phoenix_gtx_1650_super_o4g_____4gb_gddr5_1.jpg',86),(268,'https://laptop88.vn/media/product/6845_1000__19_.png',87),(269,'https://laptop88.vn/media/product/6845_1000__20_.png',87),(270,'https://laptop88.vn/media/product/6845_1000__21_.png',87),(271,'https://laptop88.vn/media/product/6028_ua2kjpw2mlsztukp_setting_000_1_90_end_500.jpg',88),(272,'https://laptop88.vn/media/product/6028_ywrrnpy8ndg7acaz_setting_000_1_90_end_500.jpg',88),(273,'https://laptop88.vn/media/product/6028_t9fpazubm1z5q5i6_setting_000_1_90_end_500.jpg',88),(274,'https://laptop88.vn/media/product/6027_7qwbody3tahh7vol_setting_000_1_90_end_500.jpg',89),(275,'https://laptop88.vn/media/product/6027_yvc53fgqnzrvlrl9_setting_000_1_90_end_500.jpg',89),(276,'https://laptop88.vn/media/product/6027_y7fgmxklcmqhph6i_setting_000_1_90_end_500.jpg',89),(277,'https://laptop88.vn/media/product/5973_500.png',90),(278,'https://laptop88.vn/media/product/5973_1000.png',90),(279,'https://laptop88.vn/media/product/5973_1000__1_.png',90),(280,'https://laptop88.vn/media/product/8340_ram_laptop_ddr5_samsung_16gb_bus_5600_hinh_1_1.jpg',91),(281,'https://laptop88.vn/media/product/8340_ram_laptop_ddr5_samsung_16gb_bus_5600_hinh_1_1.jpg',91),(282,'https://laptop88.vn/media/product/8340_ram_laptop_ddr5_samsung_16gb_bus_5600_hinh_1_1.jpg',91),(283,'https://laptop88.vn/media/product/8395_20674_ram_laptop_teamgroup_elite_16gb_ddr4_3200mhz_ted416g3200c22_s01_2.jpg',92),(284,'https://laptop88.vn/media/product/8395_20674_ram_laptop_teamgroup_elite_16gb_ddr4_3200mhz_ted416g3200c22_s01_2.jpg',92),(285,'https://laptop88.vn/media/product/8395_20674_ram_laptop_teamgroup_elite_16gb_ddr4_3200mhz_ted416g3200c22_s01_2.jpg',92),(286,'https://laptop88.vn/media/product/7982_7814_ram_laptop_samsung_ddr5_8gb_4800mhz.jpg',93),(287,'https://laptop88.vn/media/product/7982_7814_ram_laptop_samsung_ddr5_8gb_4800mhz.jpg',93),(288,'https://laptop88.vn/media/product/7982_7814_ram_laptop_samsung_ddr5_8gb_4800mhz.jpg',93),(289,'https://laptop88.vn/media/product/5484_6860_38390_17478_kingston_4gb_3200mhz_ddr4_non_ecc_cl22_sodimm_1rx16.jpg',94),(290,'https://laptop88.vn/media/product/5484_6860_38390_17478_kingston_4gb_3200mhz_ddr4_non_ecc_cl22_sodimm_1rx16.jpg',94),(291,'https://laptop88.vn/media/product/5484_6860_38390_17478_kingston_4gb_3200mhz_ddr4_non_ecc_cl22_sodimm_1rx16.jpg',94),(292,'https://laptop88.vn/media/product/5819_kvr_ddr4_3200_16gb_01.jpg',95),(293,'https://laptop88.vn/media/product/5819_kvr_ddr4_3200_16gb_01.jpg',95),(294,'https://laptop88.vn/media/product/5819_kvr_ddr4_3200_16gb_01.jpg',95),(295,'https://laptop88.vn/media/product/pro_poster_7169.jpg',96),(296,'https://laptop88.vn/media/product/pro_poster_7169.jpg',96),(297,'https://laptop88.vn/media/product/pro_poster_7169.jpg',96),(298,'https://laptop88.vn/media/product/5488_kingmax_ddr4_16gb_2666_laptop.jpg',97),(299,'https://laptop88.vn/media/product/5488_kingmax_ddr4_16gb_2666_laptop.jpg',97),(300,'https://laptop88.vn/media/product/5488_kingmax_ddr4_16gb_2666_laptop.jpg',97),(301,'https://laptop88.vn/media/product/5818_1587693071_554_ram_ddr4_laptop_16gb_samsung_3200mhz_1_420x420.jpg',98),(302,'https://laptop88.vn/media/product/5818_1587693071_554_ram_ddr4_laptop_16gb_samsung_3200mhz_1_420x420.jpg',98),(303,'https://laptop88.vn/media/product/5818_1587693071_554_ram_ddr4_laptop_16gb_samsung_3200mhz_1_420x420.jpg',98),(304,'https://laptop88.vn/media/product/7515_image.png',99),(305,'https://laptop88.vn/media/product/7515_image.png',99),(306,'https://laptop88.vn/media/product/7515_image.png',99),(307,'https://laptop88.vn/media/product/8568_ram_16gb_bus_3200_1.jpg',100),(308,'https://laptop88.vn/media/product/8568_ram_16gb_bus_3200_1.jpg',100),(309,'https://laptop88.vn/media/product/8568_ram_16gb_bus_3200_1.jpg',100),(310,'https://laptop88.vn/media/product/8098_1823_1587693071_766_ram_ddr4_laptop_16gb_samsung_3200mhz_2.jpg',101),(311,'https://laptop88.vn/media/product/8098_1823_1587693071_766_ram_ddr4_laptop_16gb_samsung_3200mhz_2.jpg',101),(312,'https://laptop88.vn/media/product/8098_1823_1587693071_766_ram_ddr4_laptop_16gb_samsung_3200mhz_2.jpg',101),(313,'https://laptop88.vn/media/product/8100_61zq7hrsk_l.jpg',102),(314,'https://laptop88.vn/media/product/8100_61zq7hrsk_l.jpg',102),(315,'https://laptop88.vn/media/product/8100_61zq7hrsk_l.jpg',102),(316,'https://laptop88.vn/media/product/8350_8340_ram_laptop_ddr5_samsung_16gb_bus_5600_hinh_1_1__1_.jpg',103),(317,'https://laptop88.vn/media/product/8350_8340_ram_laptop_ddr5_samsung_16gb_bus_5600_hinh_1_1__1_.jpg',103),(318,'https://laptop88.vn/media/product/8350_8340_ram_laptop_ddr5_samsung_16gb_bus_5600_hinh_1_1__1_.jpg',103),(319,'https://laptop88.vn/media/product/7814_ram_laptop_samsung_ddr5_8gb_4800mhz_thinkpro_01_11zon.jpg',104),(320,'https://laptop88.vn/media/product/7814_ram_laptop_samsung_ddr5_8gb_4800mhz_thinkpro_01_11zon.jpg',104),(321,'https://laptop88.vn/media/product/7814_ram_laptop_samsung_ddr5_8gb_4800mhz_thinkpro_01_11zon.jpg',104),(322,'https://laptop88.vn/media/product/7983_s_l1600.jpg',105),(323,'https://laptop88.vn/media/product/7983_s_l1600.jpg',105),(324,'https://laptop88.vn/media/product/7983_s_l1600.jpg',105),(325,'https://laptop88.vn/media/product/7983_s_l1600.jpg',105),(326,'https://laptop88.vn/media/product/8562_20672_ram_laptop_teamgroup_elite_8gb_ddr4_3200mhz_ted48g3200c22_s01.jpg',106),(327,'https://laptop88.vn/media/product/8562_20672_ram_laptop_teamgroup_elite_8gb_ddr4_3200mhz_ted48g3200c22_s01.jpg',106),(328,'https://laptop88.vn/media/product/8562_20672_ram_laptop_teamgroup_elite_8gb_ddr4_3200mhz_ted48g3200c22_s01.jpg',106),(329,'https://laptop88.vn/media/product/7023_78736c5aa679a7d65d674468d6b23d75.jpg',107),(330,'https://laptop88.vn/media/product/7023_78736c5aa679a7d65d674468d6b23d75.jpg',107),(331,'https://laptop88.vn/media/product/7023_78736c5aa679a7d65d674468d6b23d75.jpg',107),(332,'https://laptop88.vn/media/product/5321_ram_laptop_kingston_8gb_ddr4_3200mhz_1.jpg',108),(333,'https://laptop88.vn/media/product/5321_ram_laptop_kingston_8gb_ddr4_3200mhz_1.jpg',108),(334,'https://laptop88.vn/media/product/5321_ram_laptop_kingston_8gb_ddr4_3200mhz_1.jpg',108),(335,'https://laptop88.vn/media/product/6566_ram_laptop_ddr4_micron_16gb_bus_3200_sodimm.jpg',109),(336,'https://laptop88.vn/media/product/6566_ram_laptop_ddr4_micron_16gb_bus_3200_sodimm.jpg',109),(337,'https://laptop88.vn/media/product/6566_ram_laptop_ddr4_micron_16gb_bus_3200_sodimm.jpg',109),(338,'https://laptop88.vn/media/product/7939_67822_ram_laptop_adata_ad4s32008g22_sgn_8gb_1x8gb_ddr4_3200mhz__1_.jpg',110),(339,'https://laptop88.vn/media/product/7939_67822_ram_laptop_adata_ad4s32008g22_sgn_8gb_1x8gb_ddr4_3200mhz__1_.jpg',110),(340,'https://laptop88.vn/media/product/7939_67822_ram_laptop_adata_ad4s32008g22_sgn_8gb_1x8gb_ddr4_3200mhz__1_.jpg',110),(341,'https://laptop88.vn/media/product/7939_67822_ram_laptop_adata_ad4s32008g22_sgn_8gb_1x8gb_ddr4_3200mhz__1_.jpg',111),(342,'https://laptop88.vn/media/product/7939_67822_ram_laptop_adata_ad4s32008g22_sgn_8gb_1x8gb_ddr4_3200mhz__1_.jpg',111),(343,'https://laptop88.vn/media/product/7939_67822_ram_laptop_adata_ad4s32008g22_sgn_8gb_1x8gb_ddr4_3200mhz__1_.jpg',111),(344,'https://laptop88.vn/media/product/7487_1__2_.png',112),(345,'https://laptop88.vn/media/product/7487_1__2_.png',112),(346,'https://laptop88.vn/media/product/7487_1__2_.png',112),(347,'https://laptop88.vn/media/product/6860_38390_17478_kingston_4gb_3200mhz_ddr4_non_ecc_cl22_sodimm_1rx16.jpg',113),(348,'https://laptop88.vn/media/product/6860_38390_17478_kingston_4gb_3200mhz_ddr4_non_ecc_cl22_sodimm_1rx16.jpg',113),(349,'https://laptop88.vn/media/product/6860_38390_17478_kingston_4gb_3200mhz_ddr4_non_ecc_cl22_sodimm_1rx16.jpg',113),(350,'https://laptop88.vn/media/product/pro_poster_5479.jpg',114),(351,'https://laptop88.vn/media/product/pro_poster_5479.jpg',114),(352,'https://laptop88.vn/media/product/pro_poster_5479.jpg',114),(353,'https://laptop88.vn/media/product/6416_ram_laptop_samsung_4gb_ddr3_1333_mhz.jpg',115),(354,'https://laptop88.vn/media/product/6416_ram_laptop_samsung_4gb_ddr3_1333_mhz.jpg',115),(355,'https://laptop88.vn/media/product/6416_ram_laptop_samsung_4gb_ddr3_1333_mhz.jpg',115),(356,'https://laptop88.vn/media/product/6516_ram_laptop_samsung_8gb_ddr4_3200.jpg',116),(357,'https://laptop88.vn/media/product/6516_ram_laptop_samsung_8gb_ddr4_3200.jpg',116),(358,'https://laptop88.vn/media/product/6516_ram_laptop_samsung_8gb_ddr4_3200.jpg',116),(359,'https://laptop88.vn/media/product/8143_ram_ddr3l_8gb.jpg',117),(360,'https://laptop88.vn/media/product/8143_ram_ddr3l_8gb.jpg',117),(361,'https://laptop88.vn/media/product/8143_ram_ddr3l_8gb.jpg',117),(362,'https://laptop88.vn/media/product/6568_1587441541_920_ram_ddr3l_8gb_sk_hynix_1600mhz_pc3_12800_sodimm_135v_3_420x420.jpg',118),(363,'https://laptop88.vn/media/product/6568_1587441541_920_ram_ddr3l_8gb_sk_hynix_1600mhz_pc3_12800_sodimm_135v_3_420x420.jpg',118),(364,'https://laptop88.vn/media/product/6568_1587441541_920_ram_ddr3l_8gb_sk_hynix_1600mhz_pc3_12800_sodimm_135v_3_420x420.jpg',118),(365,'https://laptop88.vn/media/product/6558_thumb650_kingston_kc2500_3.jpg',119),(366,'https://laptop88.vn/media/product/6558_thumb650_kingston_kc2500_3.jpg',119),(367,'https://laptop88.vn/media/product/6558_thumb650_kingston_kc2500_3.jpg',119),(368,'https://laptop88.vn/media/product/6558_thumb650_kingston_kc2500_3.jpg',119),(369,'https://laptop88.vn/media/product/8101_43092_kingston_nv2_2tb_pcie_gen4_x4_nvme_m2_snv2s2000g_2.jpg',120),(370,'https://laptop88.vn/media/product/8101_43092_kingston_nv2_2tb_pcie_gen4_x4_nvme_m2_snv2s2000g_2.jpg',120),(371,'https://laptop88.vn/media/product/8101_43092_kingston_nv2_2tb_pcie_gen4_x4_nvme_m2_snv2s2000g_2.jpg',120),(372,'https://laptop88.vn/media/product/8093_1_645_600x600_1.jpg',121),(373,'https://laptop88.vn/media/product/8093_1_645_600x600_1.jpg',121),(374,'https://laptop88.vn/media/product/8093_1_645_600x600_1.jpg',121),(375,'https://laptop88.vn/media/product/8299_ssd_samsung_990_pro_1tb_m2_pcie_gen_5_0_mz_v9p1t0_hinh_4_webp_.jpg',122),(376,'https://laptop88.vn/media/product/8299_ssd_samsung_990_pro_1tb_m2_pcie_gen_5_0_mz_v9p1t0_hinh_4_webp_.jpg',122),(377,'https://laptop88.vn/media/product/8299_ssd_samsung_990_pro_1tb_m2_pcie_gen_5_0_mz_v9p1t0_hinh_4_webp_.jpg',122),(378,'https://laptop88.vn/media/product/8297_photo_2023_07_25_17_11_28.jpg',123),(379,'https://laptop88.vn/media/product/8297_photo_2023_07_25_17_11_28.jpg',123),(380,'https://laptop88.vn/media/product/8297_photo_2023_07_25_17_11_28.jpg',123),(381,'https://laptop88.vn/media/product/8252_cbc8557cba01f5bb022c208c9072e756.jpg',124),(382,'https://laptop88.vn/media/product/8252_cbc8557cba01f5bb022c208c9072e756.jpg',124),(383,'https://laptop88.vn/media/product/8252_cbc8557cba01f5bb022c208c9072e756.jpg',124),(384,'https://laptop88.vn/media/product/8055__c___ng_ssd_samsung_970_evo_plus_500gb_nvme_m_2_mz_v7s500bw_1_e1554180187245.jpg',125),(385,'https://laptop88.vn/media/product/8055__c___ng_ssd_samsung_970_evo_plus_500gb_nvme_m_2_mz_v7s500bw_1_e1554180187245.jpg',125),(386,'https://laptop88.vn/media/product/8055__c___ng_ssd_samsung_970_evo_plus_500gb_nvme_m_2_mz_v7s500bw_1_e1554180187245.jpg',125),(387,'https://laptop88.vn/media/product/7720_308.png',126),(388,'https://laptop88.vn/media/product/7720_308.png',126),(389,'https://laptop88.vn/media/product/7720_308.png',126),(390,'https://laptop88.vn/media/product/pro_poster_4578.jpg',127),(391,'https://laptop88.vn/media/product/pro_poster_4578.jpg',127),(392,'https://laptop88.vn/media/product/pro_poster_4578.jpg',127),(393,'https://laptop88.vn/media/product/8275_1615443690_923_o_cung_ssd_m2_pcie_1tb_samsung_980_nvme_2280_3.jpg',128),(394,'https://laptop88.vn/media/product/8275_1615443690_923_o_cung_ssd_m2_pcie_1tb_samsung_980_nvme_2280_3.jpg',128),(395,'https://laptop88.vn/media/product/6119_1552537273_979_o_cung_hdd_laptop_2tb_western_digital_wd_blue_1.jpg',129),(396,'https://laptop88.vn/media/product/6119_1552537273_979_o_cung_hdd_laptop_2tb_western_digital_wd_blue_1.jpg',129),(397,'https://laptop88.vn/media/product/6119_1552537273_979_o_cung_hdd_laptop_2tb_western_digital_wd_blue_1.jpg',129),(398,'https://laptop88.vn/media/product/pro_poster_8140.jpg',130),(399,'https://laptop88.vn/media/product/pro_poster_8140.jpg',130),(400,'https://laptop88.vn/media/product/pro_poster_8140.jpg',130),(401,'https://laptop88.vn/media/product/8220_n2299777__1__08008.jpg',131),(402,'https://laptop88.vn/media/product/8220_n2299777__1__08008.jpg',131),(403,'https://laptop88.vn/media/product/8220_n2299777__1__08008.jpg',131),(404,'https://laptop88.vn/media/product/6776_52910_ek241y__1_.jpg',132),(405,'https://laptop88.vn/media/product/6776_52910_ek241y__1_.jpg',132),(406,'https://laptop88.vn/media/product/6776_52910_ek241y__1_.jpg',132),(407,'https://laptop88.vn/media/product/8288_69932_man_hinh_viewsonic_vx2717_c_mh_850x850_3.jpg',133),(408,'https://laptop88.vn/media/product/8288_69932_man_hinh_viewsonic_vx2717_c_mh_850x850_3.jpg',133),(409,'https://laptop88.vn/media/product/8288_69932_man_hinh_viewsonic_vx2717_c_mh_850x850_3.jpg',133),(410,'https://laptop88.vn/media/product/8341_untitled_1.jpg',134),(411,'https://laptop88.vn/media/product/8341_untitled_1.jpg',134),(412,'https://laptop88.vn/media/product/8341_untitled_1.jpg',134),(413,'https://laptop88.vn/media/product/6778_37610_gearshop_vn_viewsonic_va2223_a__7_.jpg',135),(414,'https://laptop88.vn/media/product/6778_37610_gearshop_vn_viewsonic_va2223_a__7_.jpg',135),(415,'https://laptop88.vn/media/product/6778_37610_gearshop_vn_viewsonic_va2223_a__7_.jpg',135),(416,'https://laptop88.vn/media/product/6779_thumb650_lcd_acer_aopen_cv1_22cv1q_1.jpg',136),(417,'https://laptop88.vn/media/product/6779_thumb650_lcd_acer_aopen_cv1_22cv1q_1.jpg',136),(418,'https://laptop88.vn/media/product/6779_thumb650_lcd_acer_aopen_cv1_22cv1q_1.jpg',136),(419,'https://laptop88.vn/media/product/6981_m__n_h__nh_lcd_dell_24_inches_e2417h___2.png',137),(420,'https://laptop88.vn/media/product/6981_m__n_h__nh_lcd_dell_24_inches_e2417h___2.png',137),(421,'https://laptop88.vn/media/product/6981_m__n_h__nh_lcd_dell_24_inches_e2417h___2.png',137);
/*!40000 ALTER TABLE `image` ENABLE KEYS */;
UNLOCK TABLES;

--
-- Table structure for table `laptop`
--

DROP TABLE IF EXISTS `laptop`;
/*!40101 SET @saved_cs_client     = @@character_set_client */;
/*!50503 SET character_set_client = utf8mb4 */;
CREATE TABLE `laptop` (
  `id` bigint NOT NULL AUTO_INCREMENT,
  `card_id` bigint DEFAULT NULL,
  `cpu_id` bigint DEFAULT NULL,
  `harddrive_id` bigint DEFAULT NULL,
  `image_id` bigint DEFAULT NULL,
  `manhinh_id` bigint DEFAULT NULL,
  `product_id` bigint NOT NULL,
  `ram_id` bigint DEFAULT NULL,
  PRIMARY KEY (`id`),
  UNIQUE KEY `product_id` (`product_id`),
  UNIQUE KEY `image_id` (`image_id`),
  KEY `Laptop_card_id_38d16bcd_fk_Card_id` (`card_id`),
  KEY `Laptop_cpu_id_93b3750b_fk_CPU_id` (`cpu_id`),
  KEY `Laptop_harddrive_id_8b449319_fk_Harddrive_id` (`harddrive_id`),
  KEY `Laptop_manhinh_id_cf855de5_fk_ManHinh_id` (`manhinh_id`),
  KEY `Laptop_ram_id_320c734e_fk_RAM_id` (`ram_id`),
  CONSTRAINT `Laptop_card_id_38d16bcd_fk_Card_id` FOREIGN KEY (`card_id`) REFERENCES `card` (`id`),
  CONSTRAINT `Laptop_cpu_id_93b3750b_fk_CPU_id` FOREIGN KEY (`cpu_id`) REFERENCES `cpu` (`id`),
  CONSTRAINT `Laptop_harddrive_id_8b449319_fk_Harddrive_id` FOREIGN KEY (`harddrive_id`) REFERENCES `harddrive` (`id`),
  CONSTRAINT `Laptop_image_id_c1e63856_fk_Image_id` FOREIGN KEY (`image_id`) REFERENCES `image` (`id`),
  CONSTRAINT `Laptop_manhinh_id_cf855de5_fk_ManHinh_id` FOREIGN KEY (`manhinh_id`) REFERENCES `manhinh` (`id`),
  CONSTRAINT `Laptop_product_id_6823eb72_fk_Product_id` FOREIGN KEY (`product_id`) REFERENCES `product` (`id`),
  CONSTRAINT `Laptop_ram_id_320c734e_fk_RAM_id` FOREIGN KEY (`ram_id`) REFERENCES `ram` (`id`)
) ENGINE=InnoDB AUTO_INCREMENT=75 DEFAULT CHARSET=utf8mb4 COLLATE=utf8mb4_0900_ai_ci;
/*!40101 SET character_set_client = @saved_cs_client */;

--
-- Dumping data for table `laptop`
--

LOCK TABLES `laptop` WRITE;
/*!40000 ALTER TABLE `laptop` DISABLE KEYS */;
INSERT INTO `laptop` VALUES (1,7,31,12,1,9,1,29),(2,8,15,15,4,10,2,32),(3,9,26,15,7,11,3,30),(4,10,27,15,10,12,4,30),(5,11,11,15,13,13,5,32),(6,11,11,13,16,14,6,32),(7,59,12,12,20,15,7,30),(8,12,31,18,23,16,8,32),(9,13,13,13,26,17,9,33),(10,12,13,14,29,18,10,34),(11,14,31,13,32,18,11,34),(12,8,26,13,35,12,12,31),(13,14,31,12,38,19,13,35),(14,54,45,13,41,20,14,34),(15,54,45,13,44,21,15,36),(16,54,26,13,47,22,16,37),(17,54,27,13,50,23,17,30),(18,60,14,13,54,24,18,34),(19,55,54,16,57,24,19,31),(20,55,28,16,60,24,20,31),(21,55,29,13,64,25,21,31),(22,54,30,16,67,20,22,31),(23,15,51,13,70,25,23,31),(24,54,51,13,73,25,24,31),(25,14,31,12,76,36,25,32),(26,14,32,15,79,27,26,32),(27,16,26,15,82,25,27,32),(28,8,33,16,85,25,28,31),(29,18,35,19,88,25,29,31),(30,56,44,15,92,25,30,30),(31,60,16,16,95,24,31,31),(32,17,36,13,99,25,32,30),(33,62,17,16,102,25,33,31),(34,61,18,16,105,25,34,31),(35,20,37,15,108,28,35,34),(36,21,26,15,111,28,36,32),(37,22,45,13,114,10,37,34),(38,54,38,15,117,29,38,38),(39,54,45,15,120,30,39,39),(40,54,39,13,123,31,40,32),(41,54,49,12,126,24,41,32),(42,54,40,13,129,32,42,32),(43,57,41,16,132,33,43,31),(44,54,42,13,137,34,44,31),(45,7,37,13,138,36,45,38),(46,7,13,13,141,35,46,32),(47,9,37,13,149,35,47,38),(48,9,43,13,151,36,48,38),(49,9,15,13,154,34,49,39),(50,24,44,17,158,25,54,31),(51,10,27,16,161,25,55,31),(52,8,11,13,164,27,56,32),(53,8,13,12,167,22,57,41),(54,63,22,18,170,35,58,35),(55,64,23,13,173,38,59,31),(56,54,45,12,176,39,60,34),(57,60,24,13,179,40,61,31),(58,54,38,13,182,41,62,34),(59,55,46,13,185,24,63,31),(60,54,47,13,188,42,64,43),(61,25,48,16,191,24,65,32),(62,64,25,13,194,24,66,31),(63,54,51,16,197,24,67,31),(64,54,42,13,200,25,68,32),(65,54,47,15,203,24,69,31),(66,54,38,16,206,25,70,31),(67,55,47,16,209,25,71,31),(68,25,50,16,212,24,72,30),(69,58,52,16,215,24,50,31),(70,55,52,19,218,24,51,31),(71,58,53,19,222,24,52,31),(72,58,53,16,224,24,53,31),(73,54,41,16,227,25,73,37),(74,55,54,16,230,25,74,31);
/*!40000 ALTER TABLE `laptop` ENABLE KEYS */;
UNLOCK TABLES;

--
-- Table structure for table `loai`
--

DROP TABLE IF EXISTS `loai`;
/*!40101 SET @saved_cs_client     = @@character_set_client */;
/*!50503 SET character_set_client = utf8mb4 */;
CREATE TABLE `loai` (
  `id` bigint NOT NULL AUTO_INCREMENT,
  `loai` varchar(255) NOT NULL,
  PRIMARY KEY (`id`)
) ENGINE=InnoDB AUTO_INCREMENT=7 DEFAULT CHARSET=utf8mb4 COLLATE=utf8mb4_0900_ai_ci;
/*!40101 SET character_set_client = @saved_cs_client */;

--
-- Dumping data for table `loai`
--

LOCK TABLES `loai` WRITE;
/*!40000 ALTER TABLE `loai` DISABLE KEYS */;
INSERT INTO `loai` VALUES (1,'Laptop Gaming'),(2,'Laptop Văn Phòng'),(3,'Laptop Sinh Viên'),(4,'Laptop Mỏng Nhẹ'),(5,'Laptop Đồ Họa'),(6,'Linh Kiện');
/*!40000 ALTER TABLE `loai` ENABLE KEYS */;
UNLOCK TABLES;

--
-- Table structure for table `manhinh`
--

DROP TABLE IF EXISTS `manhinh`;
/*!40101 SET @saved_cs_client     = @@character_set_client */;
/*!50503 SET character_set_client = utf8mb4 */;
CREATE TABLE `manhinh` (
  `id` bigint NOT NULL AUTO_INCREMENT,
  `size` varchar(30) DEFAULT NULL,
  `resolution` varchar(30) DEFAULT NULL,
  `panels` varchar(30) DEFAULT NULL,
  `frequency` varchar(30) DEFAULT NULL,
  `connector` varchar(30) DEFAULT NULL,
  `image_id` bigint DEFAULT NULL,
  `product_id` bigint NOT NULL,
  PRIMARY KEY (`id`),
  UNIQUE KEY `product_id` (`product_id`),
  UNIQUE KEY `image_id` (`image_id`),
  CONSTRAINT `ManHinh_image_id_792beb39_fk_Image_id` FOREIGN KEY (`image_id`) REFERENCES `image` (`id`),
  CONSTRAINT `ManHinh_product_id_973b3aab_fk_Product_id` FOREIGN KEY (`product_id`) REFERENCES `product` (`id`)
) ENGINE=InnoDB AUTO_INCREMENT=43 DEFAULT CHARSET=utf8mb4 COLLATE=utf8mb4_0900_ai_ci;
/*!40101 SET character_set_client = @saved_cs_client */;

--
-- Dumping data for table `manhinh`
--

LOCK TABLES `manhinh` WRITE;
/*!40000 ALTER TABLE `manhinh` DISABLE KEYS */;
INSERT INTO `manhinh` VALUES (1,'16 inch','WQXGA 2560 x 1600','IPS 99%DCI-P3','60Hz','2 x USB Type-C (DP Alt Mode)',398,130),(2,'27 Inch','Full HD','IPS','180Hz','DP/2x HDMI',401,131),(3,'23.8 Inch','Full HD','IPS 100% sRGB','75Hz','HDMI + VGA',404,132),(4,'27 Inch','Full HD','IPS 100% sRGB','75Hz','HDMI + VGA',407,133),(5,'24 Inch','Full HD','IPS','75Hz','HDMI + VGA',410,134),(6,'21.5 Inch','Full HD','TN, 250cd/m², 16.7 triệu màu','60hz','HDMI + VGA',413,135),(7,'21.5 Inch','Full HD','VA, 200 cd/m²','75Hz','HDMI + VGA',416,136),(8,'24 Inch','Full HD 1920 x 1080','IPS','60Hz','VGA + Display Port 1.2',419,137),(9,NULL,NULL,NULL,NULL,NULL,NULL,236),(10,NULL,NULL,NULL,NULL,NULL,NULL,237),(11,NULL,NULL,NULL,NULL,NULL,NULL,238),(12,NULL,NULL,NULL,NULL,NULL,NULL,239),(13,NULL,NULL,NULL,NULL,NULL,NULL,240),(14,NULL,NULL,NULL,NULL,NULL,NULL,241),(15,NULL,NULL,NULL,NULL,NULL,NULL,242),(16,NULL,NULL,NULL,NULL,NULL,NULL,243),(17,NULL,NULL,NULL,NULL,NULL,NULL,244),(18,NULL,NULL,NULL,NULL,NULL,NULL,245),(19,NULL,NULL,NULL,NULL,NULL,NULL,246),(20,NULL,NULL,NULL,NULL,NULL,NULL,247),(21,NULL,NULL,NULL,NULL,NULL,NULL,248),(22,NULL,NULL,NULL,NULL,NULL,NULL,249),(23,NULL,NULL,NULL,NULL,NULL,NULL,250),(24,NULL,NULL,NULL,NULL,NULL,NULL,251),(25,NULL,NULL,NULL,NULL,NULL,NULL,252),(26,NULL,NULL,NULL,NULL,NULL,NULL,253),(27,NULL,NULL,NULL,NULL,NULL,NULL,254),(28,NULL,NULL,NULL,NULL,NULL,NULL,255),(29,NULL,NULL,NULL,NULL,NULL,NULL,256),(30,NULL,NULL,NULL,NULL,NULL,NULL,257),(31,NULL,NULL,NULL,NULL,NULL,NULL,258),(32,NULL,NULL,NULL,NULL,NULL,NULL,259),(33,NULL,NULL,NULL,NULL,NULL,NULL,260),(34,NULL,NULL,NULL,NULL,NULL,NULL,261),(35,NULL,NULL,NULL,NULL,NULL,NULL,262),(36,NULL,NULL,NULL,NULL,NULL,NULL,263),(37,NULL,NULL,NULL,NULL,NULL,NULL,264),(38,NULL,NULL,NULL,NULL,NULL,NULL,265),(39,NULL,NULL,NULL,NULL,NULL,NULL,266),(40,NULL,NULL,NULL,NULL,NULL,NULL,267),(41,NULL,NULL,NULL,NULL,NULL,NULL,268),(42,NULL,NULL,NULL,NULL,NULL,NULL,269);
/*!40000 ALTER TABLE `manhinh` ENABLE KEYS */;
UNLOCK TABLES;

--
-- Table structure for table `order`
--

DROP TABLE IF EXISTS `order`;
/*!40101 SET @saved_cs_client     = @@character_set_client */;
/*!50503 SET character_set_client = utf8mb4 */;
CREATE TABLE `order` (
  `id` bigint NOT NULL AUTO_INCREMENT,
  `date` datetime(6) DEFAULT NULL,
  `status_id` bigint DEFAULT NULL,
  `user_id` bigint NOT NULL,
  PRIMARY KEY (`id`),
  KEY `Order_status_id_1b09dd39_fk_Status_id` (`status_id`),
  KEY `Order_user_id_24066048_fk_User_id` (`user_id`),
  CONSTRAINT `Order_status_id_1b09dd39_fk_Status_id` FOREIGN KEY (`status_id`) REFERENCES `status` (`id`),
  CONSTRAINT `Order_user_id_24066048_fk_User_id` FOREIGN KEY (`user_id`) REFERENCES `user` (`id`)
) ENGINE=InnoDB AUTO_INCREMENT=4 DEFAULT CHARSET=utf8mb4 COLLATE=utf8mb4_0900_ai_ci;
/*!40101 SET character_set_client = @saved_cs_client */;

--
-- Dumping data for table `order`
--

LOCK TABLES `order` WRITE;
/*!40000 ALTER TABLE `order` DISABLE KEYS */;
INSERT INTO `order` VALUES (1,'2023-11-29 19:55:22.941000',3,2),(2,NULL,1,1),(3,NULL,1,2);
/*!40000 ALTER TABLE `order` ENABLE KEYS */;
UNLOCK TABLES;

--
-- Table structure for table `phuongxa`
--

DROP TABLE IF EXISTS `phuongxa`;
/*!40101 SET @saved_cs_client     = @@character_set_client */;
/*!50503 SET character_set_client = utf8mb4 */;
CREATE TABLE `phuongxa` (
  `id` int NOT NULL,
  `phuongxa` varchar(100) NOT NULL,
  `loai` varchar(30) DEFAULT NULL,
  `quanhuyen_id` int NOT NULL,
  PRIMARY KEY (`id`),
  KEY `PhuongXa_quanhuyen_id_9437bfdb_fk_QuanHuyen_id` (`quanhuyen_id`),
  CONSTRAINT `PhuongXa_quanhuyen_id_9437bfdb_fk_QuanHuyen_id` FOREIGN KEY (`quanhuyen_id`) REFERENCES `quanhuyen` (`id`)
) ENGINE=InnoDB DEFAULT CHARSET=utf8mb4 COLLATE=utf8mb4_0900_ai_ci;
/*!40101 SET character_set_client = @saved_cs_client */;

--
-- Dumping data for table `phuongxa`
--

LOCK TABLES `phuongxa` WRITE;
/*!40000 ALTER TABLE `phuongxa` DISABLE KEYS */;
/*!40000 ALTER TABLE `phuongxa` ENABLE KEYS */;
UNLOCK TABLES;

--
-- Table structure for table `product`
--

DROP TABLE IF EXISTS `product`;
/*!40101 SET @saved_cs_client     = @@character_set_client */;
/*!50503 SET character_set_client = utf8mb4 */;
CREATE TABLE `product` (
  `id` bigint NOT NULL AUTO_INCREMENT,
  `name` varchar(255) NOT NULL,
  `description` longtext,
  `soluong` int DEFAULT NULL,
  `price` int DEFAULT NULL,
  `age_id` bigint DEFAULT NULL,
  `brand_id` bigint DEFAULT NULL,
  `category_id` bigint NOT NULL,
  `detail_id` bigint DEFAULT NULL,
  `discount_id` bigint DEFAULT NULL,
  `loai_id` bigint DEFAULT NULL,
  PRIMARY KEY (`id`),
  UNIQUE KEY `name` (`name`),
  KEY `Product_age_id_6a3dfee7_fk_Age_id` (`age_id`),
  KEY `Product_brand_id_bb588269_fk_Brand_id` (`brand_id`),
  KEY `Product_category_id_0a9a7411_fk_Category_id` (`category_id`),
  KEY `Product_detail_id_d1ef59dd_fk_detail_id` (`detail_id`),
  KEY `Product_discount_id_16b0f032_fk_Discount_id` (`discount_id`),
  KEY `Product_loai_id_fb17ee63_fk_Loai_id` (`loai_id`),
  CONSTRAINT `Product_age_id_6a3dfee7_fk_Age_id` FOREIGN KEY (`age_id`) REFERENCES `age` (`id`),
  CONSTRAINT `Product_brand_id_bb588269_fk_Brand_id` FOREIGN KEY (`brand_id`) REFERENCES `brand` (`id`),
  CONSTRAINT `Product_category_id_0a9a7411_fk_Category_id` FOREIGN KEY (`category_id`) REFERENCES `category` (`id`),
  CONSTRAINT `Product_detail_id_d1ef59dd_fk_detail_id` FOREIGN KEY (`detail_id`) REFERENCES `detail` (`id`),
  CONSTRAINT `Product_discount_id_16b0f032_fk_Discount_id` FOREIGN KEY (`discount_id`) REFERENCES `discount` (`id`),
  CONSTRAINT `Product_loai_id_fb17ee63_fk_Loai_id` FOREIGN KEY (`loai_id`) REFERENCES `loai` (`id`)
) ENGINE=InnoDB AUTO_INCREMENT=272 DEFAULT CHARSET=utf8mb4 COLLATE=utf8mb4_0900_ai_ci;
/*!40101 SET character_set_client = @saved_cs_client */;

--
-- Dumping data for table `product`
--

LOCK TABLES `product` WRITE;
/*!40000 ALTER TABLE `product` DISABLE KEYS */;
INSERT INTO `product` VALUES (1,'Laptop ASUS ROG Strix G16 G614JV-N4261W','ASUS Siêu Bền bỉ - Chiến game khỏe, đồ họa cực phê',18,55990000,1,1,9,1,6,1),(2,'Laptop ASUS ROG Zephyrus G14 GA402NJ-L4056W','ASUS Siêu Bền bỉ - Chiến game khỏe, đồ họa cực phê',20,39990000,1,1,9,1,NULL,1),(3,'Laptop ASUS TUF Gaming F15 FX507ZU4 LP054W','ASUS Siêu Bền bỉ - Chiến game khỏe, đồ họa cực phê',20,36990000,1,1,9,1,8,1),(4,'Laptop Asus TUF Gaming F15 FX506LHB-HN188W','ASUS Siêu Bền bỉ - Chiến game khỏe, đồ họa cực phê',20,14989999,1,1,9,1,NULL,1),(5,'Laptop Asus ROG Strix 2022 G17 G713RM-LL016W','ASUS Siêu Bền bỉ - Chiến game khỏe, đồ họa cực phê',20,48990000,1,1,9,1,NULL,1),(6,'Laptop Asus ROG Zephyrus G15 GA503RM-LN006W','ASUS Siêu Bền bỉ - Chiến game khỏe, đồ họa cực phê',20,24990000,1,1,9,1,NULL,1),(7,'Laptop ASUS ROG Zephyrus G14 GA402RJ-L8030W','ASUS Siêu Bền bỉ - Chiến game khỏe, đồ họa cực phê',20,29990000,1,1,9,1,NULL,1),(8,'Laptop Gaming ASUS ROG FLOW X16 2023','Laptop Gaming ASUS ROG FLOW X16 2023',20,58990000,1,1,9,1,NULL,1),(9,'Laptop Gaming ASUS ROG Zephyrus G14 2023','ASUS Siêu Bền bỉ - Chiến game khỏe, đồ họa cực phê',20,37990000,1,1,9,1,NULL,1),(10,'Laptop Gaming ASUS ROG Flow X13 2023 GV302XI','ASUS Siêu Bền bỉ - Chiến game khỏe, đồ họa cực phê',19,29990000,1,1,9,1,NULL,1),(11,'Laptop Gaming ASUS ROG FLOW Z13 2023 GZ301','ASUS Siêu Bền bỉ - Chiến game khỏe, đồ họa cực phê',20,52999000,1,1,9,1,NULL,1),(12,'Laptop Asus TUF Gaming F15 FX507ZC','ASUS Siêu Bền bỉ - Chiến game khỏe, đồ họa cực phê',20,15990000,1,1,24,1,NULL,1),(13,'Laptop ASUS Zenbook Pro 14 OLED UX6404VV-P4069W','ASUS Siêu Bền bỉ - Chiến game khỏe, đồ họa cực phê',20,54990000,1,1,9,1,5,2),(14,'Laptop Asus Zenbook 14 OLED UX3402VA-KM085W','ASUS Siêu Bền bỉ - Chiến game khỏe, đồ họa cực phê',20,29990000,1,1,9,1,7,2),(15,'Laptop Asus Vivobook 15X OLED S3504VA L1226W','ASUS Siêu Bền bỉ - Chiến game khỏe, đồ họa cực phê',20,21990000,1,1,9,1,6,2),(16,'Laptop Asus Vivobook S5402ZA-IS74-M003Y0','ASUS Siêu Bền bỉ - Chiến game khỏe, đồ họa cực phê',20,19990000,1,1,9,1,6,2),(17,'Laptop Asus Vivobook K3500P','ASUS Siêu Bền bỉ - Chiến game khỏe, đồ họa cực phê',20,16990000,2,1,24,1,5,2),(18,'Laptop ASUS Vivobook Go 14 E1404FA-NK177W','ASUS Siêu Bền bỉ - Chiến game khỏe, đồ họa cực phê',20,16990000,1,1,9,1,7,2),(19,'Laptop HP Pavilion 14-DV2051TU 6K7G8PA','ASUS Siêu Bền bỉ - Chiến game khỏe, đồ họa cực phê',20,19990000,1,3,12,1,11,2),(20,'Laptop Asus Expert Book P2451FA-BV3022','ASUS Siêu Bền bỉ - Chiến game khỏe, đồ họa cực phê',20,14490000,1,1,9,1,NULL,2),(21,'Laptop Asus Vivobook 15 A515EA-BQ1530W','ASUS Siêu Bền bỉ - Chiến game khỏe, đồ họa cực phê',20,8990000,1,1,9,1,NULL,2),(22,'Laptop Asus Vivobook 14X OLED A1403ZA-KM161W','ASUS Siêu Bền bỉ - Chiến game khỏe, đồ họa cực phê',20,16990000,1,1,9,1,NULL,2),(23,'Laptop Asus Vivobook X515EP EJ405W','ASUS Siêu Bền bỉ - Chiến game khỏe, đồ họa cực phê',20,15790000,1,1,9,1,NULL,2),(24,'Laptop Asus Vivobook A15 A515EA L12033T','ASUS Siêu Bền bỉ - Chiến game khỏe, đồ họa cực phê',20,17990000,1,1,9,1,NULL,2),(25,'Laptop Dell Gaming G16 7630 R1948W','Dell Siêu Bền bỉ - Chiến game khỏe, đồ họa cực phê',20,49990000,1,2,10,1,5,1),(26,'Laptop Dell Gaming G15 5530 i7H165W11GR4060','Dell Siêu Bền bỉ - Chiến game khỏe, đồ họa cực phê',20,45990000,1,2,10,1,6,1),(27,'Laptop Dell G15 5520','Dell Siêu Bền bỉ - Chiến game khỏe, đồ họa cực phê',20,29990000,2,2,20,1,7,1),(28,'Laptop Dell G15 5511','Dell Siêu Bền bỉ - Chiến game khỏe, đồ họa cực phê',20,22990000,1,2,10,1,8,1),(29,'Laptop Dell Inspiron 5577','Dell Siêu Bền bỉ - Chiến game khỏe, đồ họa cực phê',20,11990000,2,2,20,1,4,1),(30,'Laptop Dell Inspiron G7 7588','Dell Siêu Bền bỉ - Chiến game khỏe, đồ họa cực phê',20,16990000,2,2,20,1,11,1),(31,'Laptop Dell Vostro 3405-R1505D','Dell Siêu Bền bỉ - Chiến game khỏe, đồ họa cực phê',20,12990000,1,2,10,1,9,1),(32,'Laptop Dell Inspiron G5 15 5500','Dell Siêu Bền bỉ - Chiến game khỏe, đồ họa cực phê',20,8390000,2,2,20,1,NULL,1),(33,'Laptop Dell Inspiron 3505-0M1T4','Dell Siêu Bền bỉ - Chiến game khỏe, đồ họa cực phê',20,8790000,1,2,10,1,NULL,1),(34,'Laptop Dell Inspiron N3505 Y1N1T1','Dell Siêu Bền bỉ - Chiến game khỏe, đồ họa cực phê',20,13500000,1,2,10,2,NULL,1),(35,'Laptop Dell Alienware X16 R1 (2023)','Dell Siêu Bền bỉ - Chiến game khỏe, đồ họa cực phê',20,46800000,1,2,10,1,NULL,1),(36,'Laptop Dell G16 7620','Dell Siêu Bền bỉ - Chiến game khỏe, đồ họa cực phê',20,26990000,1,2,10,1,NULL,1),(37,'Laptop Dell Inspiron 14 5430 i5P165W11SLD2','Dell Siêu Bền bỉ - Chiến game khỏe, đồ họa cực phê',20,25990000,1,2,10,1,1,2),(38,'Laptop Dell XPS 13 Plus 9320','Dell Siêu Bền bỉ - Chiến game khỏe, đồ họa cực phê',20,29990000,1,2,10,1,7,2),(39,'Laptop Dell Vostro 5630 i5P085W11GRU','Dell Siêu Bền bỉ - Chiến game khỏe, đồ họa cực phê',20,25990000,1,2,10,1,6,2),(40,'Laptop Dell Inspiron 13 5330 R1808S','Dell Siêu Bền bỉ - Chiến game khỏe, đồ họa cực phê',20,29990000,1,2,10,1,9,2),(41,'Laptop Dell Inspiron 14 7430 2 in 1 CN29D','Dell Siêu Bền bỉ - Chiến game khỏe, đồ họa cực phê',20,25990000,1,2,10,1,7,2),(42,'Laptop Dell Inspiron 16 7620','Dell Siêu Bền bỉ - Chiến game khỏe, đồ họa cực phê',20,22990000,1,2,10,1,6,2),(43,'Laptop Dell XPS 13 9305','Dell Siêu Bền bỉ - Chiến game khỏe, đồ họa cực phê',20,22990000,1,2,10,1,7,2),(44,'Laptop Dell Vostro 15 3530 80GG9','Dell Siêu Bền bỉ - Chiến game khỏe, đồ họa cực phê',20,25990000,1,2,10,1,9,2),(45,'Laptop Lenovo Legion Slim 5 16IRH8 82YA00BUVN','Lenovo Siêu Bền bỉ - Chiến game khỏe, đồ họa cực phê',20,49990000,1,5,11,1,7,1),(46,'Laptop LENOVO Legion Slim 5 16APH8 82Y9002YVN','Lenovo Siêu Bền bỉ - Chiến game khỏe, đồ họa cực phê',20,42990000,1,5,11,1,6,1),(47,'Laptop Lenovo Legion Slim 5 16IRH8 82YA008HVN','Lenovo Siêu Bền bỉ - Chiến game khỏe, đồ họa cực phê',20,37990000,1,5,12,1,4,1),(48,'Laptop Lenovo Legion Slim 5 16IRH8 82YA00BSVN','Lenovo Siêu Bền bỉ - Chiến game khỏe, đồ họa cực phê',20,39990000,1,5,11,1,6,1),(49,'Laptop Lenovo Ideapad Gaming 3 15ARH7 82SB00JUVN','Lenovo Siêu Bền bỉ - Chiến game khỏe, đồ họa cực phê',20,25990000,1,5,11,1,6,1),(50,'Laptop HP ProBook 440 G7','HP Siêu Bền bỉ - Chiến game khỏe, đồ họa cực phê',20,13990000,2,NULL,21,1,10,2),(51,'Laptop HP Notebook 14s cr2005tu','HP Siêu Bền bỉ - Chiến game khỏe, đồ họa cực phê',20,13990000,2,3,21,1,10,2),(52,'Laptop HP Elitebook 840 G3','HP Siêu Bền bỉ - Chiến game khỏe, đồ họa cực phê',20,10800000,2,3,21,1,12,2),(53,'Laptop HP Probook 640 G2','HP Siêu Bền bỉ - Chiến game khỏe, đồ họa cực phê',20,6990000,2,3,21,1,9,2),(54,'Laptop Gaming Mới Legion Y530','Lenovo Siêu Bền bỉ - Chiến game khỏe, đồ họa cực phê',20,21590000,1,5,11,1,NULL,1),(55,'Laptop Lenovo Ideapad Gaming 3 15IHU6 82K100LNUS','Lenovo Siêu Bền bỉ - Chiến game khỏe, đồ họa cực phê',20,19990000,1,5,11,1,8,1),(56,'Laptop LENOVO Legion 5 15ARH7 82RE0035VN 2022','Lenovo Siêu Bền bỉ - Chiến game khỏe, đồ họa cực phê',20,23990000,1,5,11,1,NULL,1),(57,'Laptop Lenovo Slim 7 ProX 14ARH7 82V20003US','Lenovo Siêu Bền bỉ - Chiến game khỏe, đồ họa cực phê',20,25990000,1,5,11,1,6,2),(58,'Laptop Lenovo ThinkPad T16 Gen 1 21CH000JUS','Lenovo Siêu Bền bỉ - Chiến game khỏe, đồ họa cực phê',20,25990000,1,5,11,1,6,2),(59,'Laptop Lenovo IdeaPad Slim 5 Light 14ABR8 82XS0007VN','Lenovo Siêu Bền bỉ - Chiến game khỏe, đồ họa cực phê',20,22990000,1,5,11,1,7,2),(60,'Laptop Lenovo Slim 7 14IRP8 83A40005US - Intel Core i5-1340P','Lenovo Siêu Bền bỉ - Chiến game khỏe, đồ họa cực phê',20,19990000,1,5,11,1,6,2),(61,'Laptop Lenovo IdeaPad 5 Pro 16ACH6 82L500F5US','Lenovo Siêu Bền bỉ - Chiến game khỏe, đồ họa cực phê',20,19990000,1,5,11,1,9,2),(62,'Laptop Lenovo Ideapad 5 Pro 14IAP7 82SH0004US','Lenovo Siêu Bền bỉ - Chiến game khỏe, đồ họa cực phê',20,19990000,1,5,11,1,9,2),(63,'Laptop Lenovo IdeaPad 3 14IIL05 81WD00BFVN','Lenovo Siêu Bền bỉ - Chiến game khỏe, đồ họa cực phê',20,13890000,1,5,11,1,NULL,2),(64,'Laptop Lenovo V14 G3 IAP 82TS00AXVN','Lenovo Siêu Bền bỉ - Chiến game khỏe, đồ họa cực phê',20,13990000,1,5,11,1,6,2),(65,'Laptop Lenovo Thinkpad L480','Lenovo Siêu Bền bỉ - Chiến game khỏe, đồ họa cực phê',20,10990000,2,5,22,1,10,2),(66,'Laptop Lenovo IdeaPad 3 14ABA7 82RM003UVN (2022)','Lenovo Siêu Bền bỉ - Chiến game khỏe, đồ họa cực phê',20,12990000,1,5,11,1,NULL,2),(67,'Laptop Lenovo Thinkpad E14 Gen 2-ITU 20TA002LVA','Lenovo Siêu Bền bỉ - Chiến game khỏe, đồ họa cực phê',20,12990000,1,5,11,1,NULL,2),(68,'Laptop HP Envy x360 2 in 1 15-fe0053dx 7H9Y3UA','HP Siêu Bền bỉ - Chiến game khỏe, đồ họa cực phê',20,26990000,1,3,12,1,8,2),(69,'Laptop HP Pavilion X360 14-EK0057TU 6K7E0PA','HP Siêu Bền bỉ - Chiến game khỏe, đồ họa cực phê',20,22990000,1,3,12,1,6,2),(70,'Laptop HP Pavilion 15 EG2084TU 7C0Q6PA','HP Siêu Bền bỉ - Chiến game khỏe, đồ họa cực phê',20,17990000,1,3,12,1,6,2),(71,'Laptop HP 15s-fq5163TU 7C135PA','HP Siêu Bền bỉ - Chiến game khỏe, đồ họa cực phê',20,16990000,1,3,12,1,6,2),(72,'Laptop HP Elitebook 840 G8','HP Siêu Bền bỉ - Chiến game khỏe, đồ họa cực phê',20,16990000,2,3,21,1,8,2),(73,'Laptop HP 15 dy2089ms 4W2K3UA','HP Siêu Bền bỉ - Chiến game khỏe, đồ họa cực phê',20,15990000,1,3,12,1,NULL,2),(74,'Laptop HP Pavilion 15-EG2062TU 6K790PA','HP Siêu Bền bỉ - Chiến game khỏe, đồ họa cực phê',20,13290000,1,3,12,1,NULL,2),(75,'CPU AMD Ryzen 5-4600G','CPU Siêu Bền bỉ - Chiến game khỏe',20,2599000,1,11,27,5,NULL,6),(76,'CPU AMD Ryzen 5-5600X','CPU Siêu Bền bỉ - Chiến game khỏe',2,9399000,1,11,27,5,7,6),(77,'CPU Intel Core i3-13100','CPU Siêu Bền bỉ - Chiến game khỏe',20,2950000,1,12,34,5,NULL,6),(78,'CPU Intel Core i5-13400','CPU Siêu Bền bỉ - Chiến game khỏe',20,6990000,1,12,34,5,7,6),(79,'CPU Intel Core i3-13100F','CPU Siêu Bền bỉ - Chiến game khỏe',20,3390000,1,12,34,5,6,6),(80,'CPU Intel Core i5-13400F','CPU Siêu Bền bỉ - Chiến game khỏe',20,5390000,1,12,34,5,5,6),(81,'CPU Intel Pentium Gold-G6405','CPU Siêu Bền bỉ - Chiến game khỏe',20,1899000,1,12,34,5,6,6),(82,'CPU Intel Celeron-G5900','CPU Siêu Bền bỉ - Chiến game khỏe',20,2199000,1,12,34,5,11,6),(83,'CPU Intel Core i3-9100','CPU Siêu Bền bỉ - Chiến game khỏe',20,3999000,1,12,34,5,4,6),(84,'CPU Intel Core i5-10400','CPU Siêu Bền bỉ - Chiến game khỏe',20,5099000,1,12,34,5,10,6),(85,'Card đồ họa VGA RTX 3060','Card Siêu Bền bỉ - Chiến game khỏe',20,8990000,1,1,29,6,4,6),(86,'Card đồ họa VGA Asus Phoenix GTX 1650','Card Siêu Bền bỉ - Chiến game khỏe',20,5990000,1,1,29,6,10,6),(87,'Card đồ họa VGA Gigabyte Geforce GT 710','Card Siêu Bền bỉ - Chiến game khỏe',20,1099000,1,7,29,6,11,6),(88,'Card đồ họa VGA ASUS TUF GTX 1660','Card Siêu Bền bỉ - Chiến game khỏe',20,6099000,1,1,29,6,6,6),(89,'Card đồ họa VGA Asus TUF GTX 1650','Card Siêu Bền bỉ - Chiến game khỏe',18,5990000,1,1,29,6,10,6),(90,'Card đồ họa VGA Gigabyte GTX 1650','Card Siêu Bền bỉ - Chiến game khỏe',20,6990000,1,7,29,6,4,6),(91,'RAM Laptop DDR5 16GB Samsung bus 5600Mhz','Ram Siêu Bền bỉ - Chiến game khỏe',20,1650000,1,8,37,4,7,6),(92,'RAM Laptop TeamGroup Elite 16GB DDR4 bus 3200MHz','Ram Siêu Bền bỉ - Chiến game khỏe',20,1890000,1,13,37,4,7,6),(93,'RAM Laptop DDR5 16GB Samsung bus 4800Mhz','Ram Siêu Bền bỉ - Chiến game khỏe',20,1290000,1,8,37,4,9,6),(94,'RAM Laptop Kingston DDR4 16GB bus 2666MHz','Ram Siêu Bền bỉ - Chiến game khỏe',20,1899000,1,15,37,4,13,6),(95,'RAM Laptop Kingston DDR4 bus 3200MHz 16GB','Ram Siêu Bền bỉ - Chiến game khỏe',20,1990000,1,15,37,4,13,6),(96,'RAM Laptop DDR5 8GB Kingston bus 4800Mhz','Ram Siêu Bền bỉ - Chiến game khỏe',20,1590000,1,15,37,4,12,6),(97,'RAM Laptop Kingmax 16GB DDR4 bus 2666MHz','Ram Siêu Bền bỉ - Chiến game khỏe',20,990000,1,14,37,4,6,6),(98,'RAM Laptop Samsung 16GB DDR4 bus 3200MHz','Ram Siêu Bền bỉ - Chiến game khỏe',20,990000,1,8,37,4,6,6),(99,'RAM Laptop DDR5 8GB Crucial bus 4800Mhz','Ram Siêu Bền bỉ - Chiến game khỏe',20,1590000,1,16,37,4,12,6),(100,'RAM Laptop DDR4 16GB TeamGroup Elite bus 2666Mhz','Ram Siêu Bền bỉ - Chiến game khỏe',20,990000,1,13,37,4,7,6),(101,'RAM Laptop Samsung 16GB DDR4 bus 2400MHz','Ram Siêu Bền bỉ - Chiến game khỏe',20,900000,1,8,37,4,5,6),(102,'RAM Laptop PNY 16GB DDR4 bus 2666MHz','Ram Siêu Bền bỉ - Chiến game khỏe',20,999000,1,20,37,4,7,6),(103,'RAM Laptop DDR5 8GB Samsung bus 5600Mhz','Ram Siêu Bền bỉ - Chiến game khỏe',20,1050000,1,8,37,4,9,6),(104,'RAM Laptop DDR5 8GB Samsung bus 4800Mhz','Ram Siêu Bền bỉ - Chiến game khỏe',20,1100000,1,8,37,4,9,6),(105,'RAM Laptop DDR5 8GB SK Hynix bus 4800Mhz','Ram Siêu Bền bỉ - Chiến game khỏe',20,990000,1,21,37,4,8,6),(106,'RAM Laptop TeamGroup Elite 8GB DDR4 bus 3200MHz','Ram Siêu Bền bỉ - Chiến game khỏe',20,890000,1,13,37,4,7,6),(107,'RAM Laptop DDR4 8GB Patriot bus 3200Mhz','Ram Siêu Bền bỉ - Chiến game khỏe',20,899000,1,17,37,4,9,6),(108,'Ram Laptop DDR4 Kingston bus 3200MHz 8GB','Ram Siêu Bền bỉ - Chiến game khỏe',20,929000,1,15,37,4,10,6),(109,'RAM Laptop 8GB DDR4 Micron bus 3200Mhz','Ram Siêu Bền bỉ - Chiến game khỏe',20,690000,1,18,37,4,9,6),(110,'RAM Laptop 8GB DDR4 Adata AD4S32008G22-SGN','Ram Siêu Bền bỉ - Chiến game khỏe',20,689000,1,19,37,4,10,6),(111,'RAM Laptop DDR4 8GB TeamGroup Elite bus 2666Mhz','Ram Siêu Bền bỉ - Chiến game khỏe',20,599000,1,13,37,4,8,6),(112,'RAM laptop PNY Gaming 8GB DDR4 bus 3200MHz','Ram Siêu Bền bỉ - Chiến game khỏe',20,520000,1,20,37,4,6,6),(113,'RAM Laptop Kingston DDR4 bus 3200 4GB','Ram Siêu Bền bỉ - Chiến game khỏe',20,599000,1,15,37,4,9,6),(114,'RAM Laptop Kingston DDR4 bus 2666MHz 4GB','Ram Siêu Bền bỉ - Chiến game khỏe',20,589992,1,15,37,4,9,6),(115,'RAM laptop SK Hynix DDR4 4GB bus 3200MHz','Ram Siêu Bền bỉ - Chiến game khỏe',20,550000,1,21,37,4,8,6),(116,'RAM Laptop Samsung DDR4 4GB Bus 3200Mhz','Ram Siêu Bền bỉ - Chiến game khỏe',20,490000,1,8,37,4,11,6),(117,'RAM Laptop Samsung 8GB DDR3L bus 1600Mhz','Ram Siêu Bền bỉ - Chiến game khỏe',20,399000,1,8,37,4,8,6),(118,'RAM laptop 8GB DDR3L SK Hynix bus 1600Mhz','Ram Siêu Bền bỉ - Chiến game khỏe',20,399000,1,21,37,4,9,6),(119,'Ổ cứng SSD NVMe 2TB Kingston KC2500 SKC2500M8','Harddrive Siêu Bền bỉ - Chiến game khỏe',20,7500000,1,15,32,3,15,6),(120,'Ổ cứng SSD NVMe 2TB Kingston NV2','Harddrive Siêu Bền bỉ - Chiến game khỏe',20,3990000,1,15,32,3,10,6),(121,'Ổ cứng SSD NVMe 2TB Crucial CT2000P2SSD8','Harddrive Siêu Bền bỉ - Chiến game khỏe',20,2999000,1,16,32,NULL,7,6),(122,'Ổ cứng SSD NVMe 1TB Samsung 990 PRO MZ','Harddrive Siêu Bền bỉ - Chiến game khỏe',20,2990000,1,8,32,3,8,6),(123,'Ổ cứng SSD 1TB Samsung PCIe NVMe','Harddrive Siêu Bền bỉ - Chiến game khỏe',20,1990000,1,8,32,3,5,6),(124,'Ổ cứng SSD NVMe 1TB Samsung 970','Harddrive Siêu Bền bỉ - Chiến game khỏe',20,1990000,1,8,32,3,7,6),(125,'Ổ cứng SSD 2.5 Inch 1TB Samsung 870','Harddrive Siêu Bền bỉ - Chiến game khỏe',20,1990000,1,8,32,3,7,6),(126,'Ổ cứng SSD NVMe 1TB Kingston NV2 SNV2S','Harddrive Siêu Bền bỉ - Chiến game khỏe',20,2550000,1,15,32,3,11,6),(127,'Ổ cứng SSD 1TB 2.5 Inch Crucial BX500 CT1000BX500SSD1','Harddrive Siêu Bền bỉ - Chiến game khỏe',20,1990000,1,16,32,3,10,6),(128,'Ổ cứng SSD NVMe 1TB Samsung PM991 M.2 2280','Harddrive Siêu Bền bỉ - Chiến game khỏe',20,1250000,1,NULL,32,3,NULL,6),(129,'Ổ cứng HDD 2.5 Inch WD Blue 5400rpm WD20SPZX-22UA7T0','Harddrive Siêu Bền bỉ - Chiến game khỏe',20,1690000,1,22,35,3,NULL,6),(130,'Màn Hình Di Động LG Gram View 16MR70.ASDA5 16 inch QHD','Màn Hình Siêu Bền bỉ - Chiến game khỏe',20,9890000,1,6,42,2,NULL,6),(131,'Màn hình máy tính Lenovo Legion Y27-30 - 27 Inch FHD IPS 180Hz','Màn Hình Siêu Bền bỉ - Chiến game khỏe',20,6299000,1,5,49,2,NULL,6),(132,'Màn hình máy tính 24 Inch Acer EK241Y Full HD 75Hz','Màn Hình Siêu Bền bỉ - Chiến game khỏe',20,4599000,1,4,44,2,7,6),(133,'Màn hình máy tính 27 inch Viewsonic VX2717-C-MH','Màn Hình Siêu Bền bỉ - Chiến game khỏe',20,3090000,1,24,45,2,NULL,6),(134,'Màn hình 23.6 Inch Viewsonic VA2409-H FullHD','Màn Hình Siêu Bền bỉ - Chiến game khỏe',20,3990000,1,24,45,2,10,6),(135,'Màn hình 22 Inch ViewSonic VA2223-H Full HD','Màn Hình Siêu Bền bỉ - Chiến game khỏe',20,3599000,1,24,45,2,11,6),(136,'Màn hình 22 Inch Acer AOPEN 22CV1Q Full HD','Màn Hình Siêu Bền bỉ - Chiến game khỏe',20,3599000,1,4,44,2,11,6),(137,'Màn hình Dell E2417H 24 Inch Cũ / Full HD / 60Hz','Màn Hình Siêu Bền bỉ - Chiến game khỏe',20,3299000,2,2,46,1,11,6),(138,'Intel Core i7-12700H','',NULL,NULL,3,12,34,NULL,NULL,6),(139,'AMD Ryzen 7-6800H','',NULL,NULL,3,11,27,NULL,NULL,6),(140,'AMD Ryzen 7-6800HS','',NULL,NULL,3,11,27,NULL,NULL,6),(141,'AMD Ryzen 9-7940HS','',NULL,NULL,3,11,27,NULL,NULL,6),(142,'Intel Core i5-11300H','',NULL,NULL,3,12,34,NULL,NULL,6),(143,'AMD Ryzen 5-7520U','',NULL,NULL,3,11,27,NULL,NULL,6),(144,'AMD Ryzen 7-7735HS','',NULL,NULL,3,11,27,NULL,NULL,6),(145,'Intel Core i3-10110U','',NULL,NULL,3,12,34,NULL,NULL,6),(146,'Intel Core i3-1115G4','',NULL,NULL,1,12,34,NULL,NULL,6),(147,'Intel Core i5-12500H','',NULL,NULL,3,12,34,NULL,NULL,6),(148,'Intel Core i9-13900HX','',NULL,NULL,3,12,34,NULL,NULL,6),(149,'Intel Core i7-13650HX','',NULL,NULL,3,12,34,NULL,NULL,6),(150,'Intel Core i5-11400H','',NULL,NULL,3,12,34,NULL,NULL,6),(151,'Intel Core i5-10300H','',NULL,NULL,3,12,34,NULL,NULL,6),(152,'Intel Core i7-7700HQ','',NULL,NULL,3,12,34,NULL,NULL,6),(153,'AMD Ryzen 5-3500U','',NULL,NULL,3,11,27,NULL,NULL,6),(154,'Intel Core i7-10750H','',NULL,NULL,3,12,34,NULL,NULL,6),(155,'AMD Ryzen 5-3450U','',NULL,NULL,3,11,27,NULL,NULL,6),(156,'AMD Ryzen 3-3250U','',NULL,NULL,3,11,27,NULL,NULL,6),(157,'Intel Core i7-13700H','',NULL,NULL,3,12,34,NULL,NULL,6),(158,'Intel Core i5-1240P','',NULL,NULL,2,12,34,NULL,NULL,6),(159,'Intel Core i7-1360P','',NULL,NULL,3,12,34,NULL,NULL,6),(160,'Intel Core i7-1260P','',NULL,NULL,3,12,34,NULL,NULL,6),(161,'Intel Core i7-1165G7','',NULL,NULL,3,12,34,NULL,NULL,6),(162,'Intel Core i5-1335u','',NULL,NULL,3,12,34,NULL,NULL,6),(163,'AMD Ryzen 7-7840HS','',NULL,NULL,3,12,34,NULL,NULL,6),(164,'Intel Core i5-13500H','',NULL,NULL,3,12,34,NULL,NULL,6),(165,'AMD Ryzen 5-7535HS','',NULL,NULL,3,11,27,NULL,NULL,6),(166,'Intel Core i7-8750H','',NULL,NULL,3,12,34,NULL,NULL,6),(167,'AMD Ryzen 9-6900HS','',NULL,NULL,3,11,27,NULL,NULL,6),(168,'AMD Ryzen 7-6850U','',NULL,NULL,3,11,27,NULL,NULL,6),(169,'AMD Ryzen 7-7730U','',NULL,NULL,3,11,27,NULL,NULL,6),(170,'Intel Core i5-1340P','',NULL,NULL,3,12,34,NULL,NULL,6),(171,'AMD Ryzen 5-5600H','',NULL,NULL,3,11,27,NULL,NULL,6),(172,'Intel Core i3-1005G1','',NULL,NULL,3,12,34,NULL,NULL,6),(173,'Intel Core i5-1235U','',NULL,NULL,3,12,34,NULL,NULL,6),(174,'Intel Core i5-8250U','',NULL,NULL,3,12,34,NULL,NULL,6),(175,'AMD Ryzen 7-5825U','',NULL,NULL,3,11,27,NULL,NULL,6),(176,'Intel Core i7-1355U','',NULL,NULL,3,12,34,NULL,NULL,6),(177,'Intel Core i7-1185G7','',NULL,NULL,3,12,34,NULL,NULL,6),(178,'Intel Core i5-1135G7','',NULL,NULL,3,12,34,NULL,NULL,6),(179,'Intel Core i5-10210U','',NULL,NULL,3,12,34,NULL,NULL,6),(180,'Intel Core i5-6200U','',NULL,NULL,3,12,34,NULL,NULL,6),(181,'Intel Core i3-1215U','',NULL,NULL,3,12,34,NULL,NULL,6),(182,'RAM 16GB DDR5 4800MHz','',NULL,NULL,3,NULL,37,NULL,NULL,6),(183,'RAM 16GB DDR4','',NULL,NULL,3,NULL,37,NULL,NULL,6),(184,'RAM 8GB DDR4','',NULL,NULL,3,NULL,37,NULL,NULL,6),(185,'RAM 16GB DDR5','',NULL,NULL,3,NULL,37,NULL,NULL,6),(186,'RAM 32GB DDR5','',NULL,NULL,3,NULL,37,NULL,NULL,6),(187,'RAM 16GB LPDDR5','',NULL,NULL,3,NULL,37,NULL,NULL,6),(188,'RAM 32GB LPDDR5','',NULL,NULL,3,NULL,37,NULL,NULL,6),(189,'RAM 16GB DDR4 3200MHz','',NULL,NULL,3,NULL,37,NULL,NULL,6),(190,'RAM 12GB DDR4','',NULL,NULL,3,NULL,37,NULL,NULL,6),(191,'RAM 16GB DDR5 5200Mhz','',NULL,NULL,3,NULL,37,NULL,NULL,6),(192,'RAM 8GB LPDDR5 4800MHz','',NULL,NULL,3,NULL,37,NULL,NULL,6),(193,'RAM 8GB DDR5 4800MHz','',NULL,NULL,3,NULL,37,NULL,NULL,6),(194,'RAM 32GB LPDDR5 6400Mhz','',NULL,NULL,3,NULL,37,NULL,NULL,6),(195,'RAM 8GB LPDDR5','',NULL,NULL,3,NULL,37,NULL,NULL,6),(196,'RAM 8GB DDR4 3200Mhz','',NULL,NULL,3,NULL,37,NULL,NULL,6),(197,'SSD 1TB NVMe','',NULL,NULL,3,NULL,32,NULL,NULL,6),(198,'SSD 512GB NVMe','',NULL,NULL,3,NULL,32,NULL,NULL,6),(199,'SSD 1TB M.2 NVMe™','',NULL,NULL,3,NULL,32,NULL,NULL,6),(200,'SSD 512GB M.2 NVMe™','',NULL,NULL,3,NULL,32,NULL,NULL,6),(201,'SSD 256GB NVMe','',NULL,NULL,3,NULL,32,NULL,NULL,6),(202,'SSD 128GB NVMe','',NULL,NULL,3,NULL,32,NULL,NULL,6),(203,'HDD 1TB','',NULL,NULL,3,NULL,35,NULL,NULL,6),(204,'SSD 2TB NVMe','',NULL,NULL,3,NULL,32,NULL,NULL,6),(205,'SSD 240GB NVMe','',NULL,NULL,3,NULL,32,NULL,NULL,6),(206,'NVIDIA® GeForce RTX™ 4060 8GB GDDR6','',NULL,NULL,3,NULL,29,NULL,NULL,6),(207,'NVIDIA® GeForce RTX™ 3050','',NULL,NULL,3,NULL,29,NULL,NULL,6),(208,'NVIDIA® GeForce RTX™ 4050 6GB GDDR6','',NULL,NULL,3,NULL,29,NULL,NULL,6),(209,'NVIDIA® Geforce GTX 1650','',NULL,NULL,3,NULL,29,NULL,NULL,6),(210,'NVIDIA® GeForce RTX™ 3060 6G DDR6','',NULL,NULL,3,NULL,29,NULL,NULL,6),(211,'AMD Radeon™ RX 6700S 8GB GDDR6','',NULL,NULL,3,NULL,29,NULL,NULL,6),(212,'NVIDIA® GeForce RTX™ 4070','',NULL,NULL,3,NULL,29,NULL,NULL,6),(213,'NVIDIA® GeForce RTX™ 4090','',NULL,NULL,3,NULL,29,NULL,NULL,6),(214,'NVIDIA® GeForce RTX™ 4060','',NULL,NULL,3,NULL,29,NULL,NULL,6),(215,'Intel® Iris® Xe Graphics','',NULL,NULL,3,NULL,29,NULL,NULL,6),(216,'AMD Radeon Vega','',NULL,NULL,3,NULL,29,NULL,NULL,6),(217,'Intel® UHD Graphics','',NULL,NULL,3,NULL,29,NULL,NULL,6),(218,'NVIDIA® GeForce MX330 2GB','',NULL,NULL,3,NULL,29,NULL,NULL,6),(219,'NVIDIA® GeForce RTX™ 3060','',NULL,NULL,3,NULL,29,NULL,NULL,6),(220,'NVIDIA® Geforce GTX 1650Ti','',NULL,NULL,3,NULL,29,NULL,NULL,6),(221,'NVIDIA® Geforce GTX 1050','',NULL,NULL,3,NULL,29,NULL,NULL,6),(222,'Intel® UHD Graphics 630','',NULL,NULL,3,NULL,29,NULL,NULL,6),(223,'NVIDIA® GeForce RTX™ 2060','',NULL,NULL,3,NULL,29,NULL,NULL,6),(224,'AMD Radeon Vega 3','',NULL,NULL,3,NULL,29,NULL,NULL,6),(225,'AMD Radeon Vega 8','',NULL,NULL,3,NULL,29,NULL,NULL,6),(226,'NVIDIA® GeForce RTX™ 40 Series','',NULL,NULL,3,NULL,29,NULL,NULL,6),(227,'NVIDIA® GeForce RTX™ 3050Ti','',NULL,NULL,3,NULL,29,NULL,NULL,6),(228,'NVIDIA® Geforce MX550 2GB GDDR6','',NULL,NULL,3,NULL,29,NULL,NULL,6),(229,'Intel® UHD Graphics 520','',NULL,NULL,3,NULL,29,NULL,NULL,6),(230,'NVIDIA GeForce RTX™ 4050 6GB GDDR6','',NULL,NULL,3,NULL,29,NULL,NULL,6),(231,'NVIDIA® Geforce GTX 1050 4GB','',NULL,NULL,3,NULL,29,NULL,NULL,6),(232,'AMD Radeon™ 680M Graphics','',NULL,NULL,3,NULL,29,NULL,NULL,6),(233,'AMD Radeon™ Graphics','',NULL,NULL,3,NULL,29,NULL,NULL,6),(234,'Intel® UHD Graphics 620','',NULL,NULL,3,NULL,29,NULL,NULL,6),(235,'Intel® HD Graphics 520','',NULL,NULL,3,NULL,29,NULL,NULL,6),(236,'16 Inch QHD+, 240Hz, 100%sRGB','',NULL,NULL,3,NULL,5,NULL,NULL,6),(237,'14 Inch WUXGA (1920 x 1200) 100% sRGB 144Hz','',NULL,NULL,3,NULL,5,NULL,NULL,6),(238,'15.6 Inch FHD 144Hz, 100%sRGB','',NULL,NULL,3,NULL,5,NULL,NULL,6),(239,'15.6 Inch Full HD 144Hz','',NULL,NULL,3,NULL,5,NULL,NULL,6),(240,'17.3 Inch WQHD (2560 x 1440) 240Hz','',NULL,NULL,3,NULL,5,NULL,NULL,6),(241,'15.6 Inch 2K (2560 x1440) IPS 240Hz, 100% sRGB','',NULL,NULL,3,NULL,5,NULL,NULL,6),(242,'14 Inch WQHD (2560 x 1440) 120Hz','',NULL,NULL,3,NULL,5,NULL,NULL,6),(243,'16 inch QHD 100%DCI - P3, 240 Hz','',NULL,NULL,3,NULL,7,NULL,NULL,6),(244,'14 inch QHD 100%DCI-P3, 165Hz miniLED','',NULL,NULL,3,NULL,5,NULL,NULL,6),(245,'13.4 inch QHD+, 100% DCI-P3, 165Hz','',NULL,NULL,3,NULL,5,NULL,NULL,6),(246,'14.5 inch 2.8K OLED 100% DCI-P3','',NULL,NULL,3,NULL,5,NULL,NULL,6),(247,'14.0 Inch OLED WQXGA+','',NULL,NULL,3,NULL,5,NULL,NULL,6),(248,'15.6 Inch Full HD OLED, 100%DCI-P3','',NULL,NULL,3,NULL,5,NULL,NULL,6),(249,'14.5 Inch 2.8K OLED 100% sRGB','',NULL,NULL,3,NULL,5,NULL,NULL,6),(250,'15.6 Inch 2.8K OLED','',NULL,NULL,3,NULL,5,NULL,NULL,6),(251,'14 Inch Full HD','',NULL,NULL,3,NULL,5,NULL,NULL,6),(252,'15.6 Inch Full HD','',NULL,NULL,3,NULL,5,NULL,NULL,6),(253,'16 Inch 2K 240Hz 100% DCI-P3','',NULL,NULL,3,NULL,5,NULL,NULL,6),(254,'15.6 Inch Full HD 165Hz','',NULL,NULL,3,NULL,5,NULL,NULL,6),(255,'16 Inch QHD+, 165Hz, 100%sRGB','',NULL,NULL,3,NULL,5,NULL,NULL,6),(256,'13.4 Inch FHD','',NULL,NULL,3,NULL,5,NULL,NULL,6),(257,'16 Inch FHD','',NULL,NULL,3,NULL,5,NULL,NULL,6),(258,'13.3 Inch QHD','',NULL,NULL,3,NULL,5,NULL,NULL,6),(259,'16 Inch 4K','',NULL,NULL,3,NULL,5,NULL,NULL,6),(260,'13.3 Inch FHD','',NULL,NULL,3,NULL,5,NULL,NULL,6),(261,'15 Inch FHD, 120Mhz','',NULL,NULL,3,NULL,5,NULL,NULL,6),(262,'16 Inch WQXGA (2560x1600) IPS 300nits, 100% sRGB, 165Hz','',NULL,NULL,3,NULL,5,NULL,NULL,6),(263,'16 inch 2K 100% sRGB 165Hz','',NULL,NULL,3,NULL,5,NULL,NULL,6),(264,'14.5 inch 3K 100% sRGB, 120Hz','',NULL,NULL,3,NULL,5,NULL,NULL,6),(265,'14 Inch Full HD, 300nits, IPS 100% sRGB','',NULL,NULL,3,NULL,5,NULL,NULL,6),(266,'14 Inch 2.8K 100% sRGB 120Hz 400 nits','',NULL,NULL,3,NULL,5,NULL,NULL,6),(267,'16 Inch 2.5K (2560x1600), 100% sRGB','',NULL,NULL,3,NULL,5,NULL,NULL,6),(268,'14 inch 2.2K 100% sRGB Touch','',NULL,NULL,3,NULL,5,NULL,NULL,6),(269,'14 Inch Full HD (1920x1080) IPS 300nits','',NULL,NULL,3,NULL,5,NULL,NULL,6),(270,'AMD Radeon Vega 7','',NULL,NULL,3,NULL,27,NULL,NULL,6),(271,'Intel® UHD Graphics 610','',NULL,NULL,NULL,NULL,34,NULL,NULL,6);
/*!40000 ALTER TABLE `product` ENABLE KEYS */;
UNLOCK TABLES;

--
-- Table structure for table `quanhuyen`
--

DROP TABLE IF EXISTS `quanhuyen`;
/*!40101 SET @saved_cs_client     = @@character_set_client */;
/*!50503 SET character_set_client = utf8mb4 */;
CREATE TABLE `quanhuyen` (
  `id` int NOT NULL,
  `quanhuyen` varchar(100) NOT NULL,
  `loai` varchar(30) DEFAULT NULL,
  `thanhpho_id` int NOT NULL,
  PRIMARY KEY (`id`),
  KEY `QuanHuyen_thanhpho_id_c6980507_fk_ThanhPho_id` (`thanhpho_id`),
  CONSTRAINT `QuanHuyen_thanhpho_id_c6980507_fk_ThanhPho_id` FOREIGN KEY (`thanhpho_id`) REFERENCES `thanhpho` (`id`)
) ENGINE=InnoDB DEFAULT CHARSET=utf8mb4 COLLATE=utf8mb4_0900_ai_ci;
/*!40101 SET character_set_client = @saved_cs_client */;

--
-- Dumping data for table `quanhuyen`
--

LOCK TABLES `quanhuyen` WRITE;
/*!40000 ALTER TABLE `quanhuyen` DISABLE KEYS */;
/*!40000 ALTER TABLE `quanhuyen` ENABLE KEYS */;
UNLOCK TABLES;

--
-- Table structure for table `ram`
--

DROP TABLE IF EXISTS `ram`;
/*!40101 SET @saved_cs_client     = @@character_set_client */;
/*!50503 SET character_set_client = utf8mb4 */;
CREATE TABLE `ram` (
  `id` bigint NOT NULL AUTO_INCREMENT,
  `standram` varchar(30) DEFAULT NULL,
  `capacity` varchar(30) DEFAULT NULL,
  `speed` varchar(30) DEFAULT NULL,
  `image_id` bigint DEFAULT NULL,
  `product_id` bigint NOT NULL,
  PRIMARY KEY (`id`),
  UNIQUE KEY `product_id` (`product_id`),
  UNIQUE KEY `image_id` (`image_id`),
  CONSTRAINT `RAM_image_id_2093cc4c_fk_Image_id` FOREIGN KEY (`image_id`) REFERENCES `image` (`id`),
  CONSTRAINT `RAM_product_id_91b99618_fk_Product_id` FOREIGN KEY (`product_id`) REFERENCES `product` (`id`)
) ENGINE=InnoDB AUTO_INCREMENT=44 DEFAULT CHARSET=utf8mb4 COLLATE=utf8mb4_0900_ai_ci;
/*!40101 SET character_set_client = @saved_cs_client */;

--
-- Dumping data for table `ram`
--

LOCK TABLES `ram` WRITE;
/*!40000 ALTER TABLE `ram` DISABLE KEYS */;
INSERT INTO `ram` VALUES (1,'DDR5','16GB','5600Mhz',280,91),(2,'DDR5','16GB','4800Mhz',286,93),(3,'DDR4','16GB','3200Mhz',283,92),(4,'DDR4','16GB','2666MHz',289,94),(5,'DDR4','16GB','3200Mhz',292,95),(6,'DDR5','8GB','4800Mhz',295,96),(7,'DDR4','16GB','2666MHz',298,97),(8,'DDR4','16GB','3200Mhz',301,98),(9,'DDR5','8GB','4800Mhz',304,99),(10,'DDR4','16GB','2666MHz',307,100),(11,'DDR4','16GB','2400MHz',310,101),(12,'DDR4','16GB','2666MHz',313,102),(13,'DDR5','8GB','5600Mhz',316,103),(14,'DDR5','8GB','4800Mhz',319,104),(15,'DDR5','8GB','4800Mhz',322,105),(16,'DDR4','8GB','3200Mhz',326,106),(17,'DDR4','8GB','3200Mhz',329,107),(18,'DDR4','8GB','3200Mhz',332,108),(19,'DDR4','8GB','3200Mhz',335,109),(20,'DDR4','8GB','3200Mhz',338,110),(21,'DDR4','8GB','2666MHz',341,111),(22,'DDR4','8GB','3200Mhz',344,112),(23,'DDR4','4GB','3200Mhz',347,113),(24,'DDR4','4GB','2666MHz',350,114),(25,'DDR4','4GB','3200Mhz',353,115),(26,'DDR4','4GB','3200Mhz',356,116),(27,'DDR3L','8GB','1600MHz',359,118),(28,'DDR3L','8GB','1600MHz',362,117),(29,NULL,NULL,NULL,NULL,182),(30,NULL,NULL,NULL,NULL,183),(31,NULL,NULL,NULL,NULL,184),(32,NULL,NULL,NULL,NULL,185),(33,NULL,NULL,NULL,NULL,186),(34,NULL,NULL,NULL,NULL,187),(35,NULL,NULL,NULL,NULL,188),(36,NULL,NULL,NULL,NULL,189),(37,NULL,NULL,NULL,NULL,190),(38,NULL,NULL,NULL,NULL,191),(39,NULL,NULL,NULL,NULL,192),(40,NULL,NULL,NULL,NULL,193),(41,NULL,NULL,NULL,NULL,194),(42,NULL,NULL,NULL,NULL,195),(43,NULL,NULL,NULL,NULL,196);
/*!40000 ALTER TABLE `ram` ENABLE KEYS */;
UNLOCK TABLES;

--
-- Table structure for table `status`
--

DROP TABLE IF EXISTS `status`;
/*!40101 SET @saved_cs_client     = @@character_set_client */;
/*!50503 SET character_set_client = utf8mb4 */;
CREATE TABLE `status` (
  `id` bigint NOT NULL AUTO_INCREMENT,
  `status` varchar(40) NOT NULL,
  PRIMARY KEY (`id`)
) ENGINE=InnoDB AUTO_INCREMENT=4 DEFAULT CHARSET=utf8mb4 COLLATE=utf8mb4_0900_ai_ci;
/*!40101 SET character_set_client = @saved_cs_client */;

--
-- Dumping data for table `status`
--

LOCK TABLES `status` WRITE;
/*!40000 ALTER TABLE `status` DISABLE KEYS */;
INSERT INTO `status` VALUES (1,'Đang Tạo Đơn Hàng'),(2,'Tạo Đơn Thành Công'),(3,'Hoàn Thành');
/*!40000 ALTER TABLE `status` ENABLE KEYS */;
UNLOCK TABLES;

--
-- Table structure for table `thanhpho`
--

DROP TABLE IF EXISTS `thanhpho`;
/*!40101 SET @saved_cs_client     = @@character_set_client */;
/*!50503 SET character_set_client = utf8mb4 */;
CREATE TABLE `thanhpho` (
  `id` int NOT NULL,
  `thanhpho` varchar(100) NOT NULL,
  `loai` varchar(30) DEFAULT NULL,
  PRIMARY KEY (`id`)
) ENGINE=InnoDB DEFAULT CHARSET=utf8mb4 COLLATE=utf8mb4_0900_ai_ci;
/*!40101 SET character_set_client = @saved_cs_client */;

--
-- Dumping data for table `thanhpho`
--

LOCK TABLES `thanhpho` WRITE;
/*!40000 ALTER TABLE `thanhpho` DISABLE KEYS */;
/*!40000 ALTER TABLE `thanhpho` ENABLE KEYS */;
UNLOCK TABLES;

--
-- Table structure for table `user`
--

DROP TABLE IF EXISTS `user`;
/*!40101 SET @saved_cs_client     = @@character_set_client */;
/*!50503 SET character_set_client = utf8mb4 */;
CREATE TABLE `user` (
  `id` bigint NOT NULL AUTO_INCREMENT,
  `last_login` datetime(6) DEFAULT NULL,
  `is_superuser` tinyint(1) NOT NULL,
  `first_name` varchar(150) NOT NULL,
  `last_name` varchar(150) NOT NULL,
  `email` varchar(254) NOT NULL,
  `is_staff` tinyint(1) NOT NULL,
  `is_active` tinyint(1) NOT NULL,
  `date_joined` datetime(6) NOT NULL,
  `username` varchar(255) NOT NULL,
  `password` varchar(255) NOT NULL,
  `fullname` varchar(100) NOT NULL,
  `ngaysinh` date DEFAULT NULL,
  `phone` varchar(20) NOT NULL,
  `diachi` longtext NOT NULL,
  `save_password` varchar(255) DEFAULT NULL,
  `phuongxa_id` int DEFAULT NULL,
  `quanhuyen_id` int DEFAULT NULL,
  `thanhpho_id` int DEFAULT NULL,
  PRIMARY KEY (`id`),
  UNIQUE KEY `username` (`username`),
  KEY `User_phuongxa_id_d9ec3c46_fk_PhuongXa_id` (`phuongxa_id`),
  KEY `User_quanhuyen_id_31c631c8_fk_QuanHuyen_id` (`quanhuyen_id`),
  KEY `User_thanhpho_id_78e342bc_fk_ThanhPho_id` (`thanhpho_id`),
  CONSTRAINT `User_phuongxa_id_d9ec3c46_fk_PhuongXa_id` FOREIGN KEY (`phuongxa_id`) REFERENCES `phuongxa` (`id`),
  CONSTRAINT `User_quanhuyen_id_31c631c8_fk_QuanHuyen_id` FOREIGN KEY (`quanhuyen_id`) REFERENCES `quanhuyen` (`id`),
  CONSTRAINT `User_thanhpho_id_78e342bc_fk_ThanhPho_id` FOREIGN KEY (`thanhpho_id`) REFERENCES `thanhpho` (`id`)
) ENGINE=InnoDB AUTO_INCREMENT=3 DEFAULT CHARSET=utf8mb4 COLLATE=utf8mb4_0900_ai_ci;
/*!40101 SET character_set_client = @saved_cs_client */;

--
-- Dumping data for table `user`
--

LOCK TABLES `user` WRITE;
/*!40000 ALTER TABLE `user` DISABLE KEYS */;
INSERT INTO `user` VALUES (1,'2023-11-30 15:02:39.176554',1,'','','trung2017604049@gmail.com',1,1,'2023-11-29 02:59:12.422000','trung2017604049','pbkdf2_sha1$600000$7RkUh6JPBRbBwHx4pbmUW4$H72aTfcOY4UDRbV3Jl31uF7BwLY=','',NULL,'','',NULL,NULL,NULL,NULL),(2,'2023-11-30 15:15:31.002700',0,'Dương','Trung','trung2017604049@gmail.com',0,1,'2023-11-29 19:52:49.971000','thanhtrung0599','pbkdf2_sha1$600000$F39AqqukShPGcQzkvH3FZh$5WhdDaBCLkRvlWfxBf+TotEpxuA=','Dương Thành Trong','1999-05-23','0325372849','Cẩm Phả, Quảng Ninh','Thanh2017604049@',NULL,NULL,NULL);
/*!40000 ALTER TABLE `user` ENABLE KEYS */;
UNLOCK TABLES;

--
-- Table structure for table `user_groups`
--

DROP TABLE IF EXISTS `user_groups`;
/*!40101 SET @saved_cs_client     = @@character_set_client */;
/*!50503 SET character_set_client = utf8mb4 */;
CREATE TABLE `user_groups` (
  `id` bigint NOT NULL AUTO_INCREMENT,
  `user_id` bigint NOT NULL,
  `group_id` int NOT NULL,
  PRIMARY KEY (`id`),
  UNIQUE KEY `User_groups_user_id_group_id_d63e199e_uniq` (`user_id`,`group_id`),
  KEY `User_groups_group_id_328392a3_fk_auth_group_id` (`group_id`),
  CONSTRAINT `User_groups_group_id_328392a3_fk_auth_group_id` FOREIGN KEY (`group_id`) REFERENCES `auth_group` (`id`),
  CONSTRAINT `User_groups_user_id_8f675f72_fk_User_id` FOREIGN KEY (`user_id`) REFERENCES `user` (`id`)
) ENGINE=InnoDB DEFAULT CHARSET=utf8mb4 COLLATE=utf8mb4_0900_ai_ci;
/*!40101 SET character_set_client = @saved_cs_client */;

--
-- Dumping data for table `user_groups`
--

LOCK TABLES `user_groups` WRITE;
/*!40000 ALTER TABLE `user_groups` DISABLE KEYS */;
/*!40000 ALTER TABLE `user_groups` ENABLE KEYS */;
UNLOCK TABLES;

--
-- Table structure for table `user_user_permissions`
--

DROP TABLE IF EXISTS `user_user_permissions`;
/*!40101 SET @saved_cs_client     = @@character_set_client */;
/*!50503 SET character_set_client = utf8mb4 */;
CREATE TABLE `user_user_permissions` (
  `id` bigint NOT NULL AUTO_INCREMENT,
  `user_id` bigint NOT NULL,
  `permission_id` int NOT NULL,
  PRIMARY KEY (`id`),
  UNIQUE KEY `User_user_permissions_user_id_permission_id_af0f54ec_uniq` (`user_id`,`permission_id`),
  KEY `User_user_permission_permission_id_8e998ba4_fk_auth_perm` (`permission_id`),
  CONSTRAINT `User_user_permission_permission_id_8e998ba4_fk_auth_perm` FOREIGN KEY (`permission_id`) REFERENCES `auth_permission` (`id`),
  CONSTRAINT `User_user_permissions_user_id_2c6da4d4_fk_User_id` FOREIGN KEY (`user_id`) REFERENCES `user` (`id`)
) ENGINE=InnoDB DEFAULT CHARSET=utf8mb4 COLLATE=utf8mb4_0900_ai_ci;
/*!40101 SET character_set_client = @saved_cs_client */;

--
-- Dumping data for table `user_user_permissions`
--

LOCK TABLES `user_user_permissions` WRITE;
/*!40000 ALTER TABLE `user_user_permissions` DISABLE KEYS */;
/*!40000 ALTER TABLE `user_user_permissions` ENABLE KEYS */;
UNLOCK TABLES;
/*!40103 SET TIME_ZONE=@OLD_TIME_ZONE */;

/*!40101 SET SQL_MODE=@OLD_SQL_MODE */;
/*!40014 SET FOREIGN_KEY_CHECKS=@OLD_FOREIGN_KEY_CHECKS */;
/*!40014 SET UNIQUE_CHECKS=@OLD_UNIQUE_CHECKS */;
/*!40101 SET CHARACTER_SET_CLIENT=@OLD_CHARACTER_SET_CLIENT */;
/*!40101 SET CHARACTER_SET_RESULTS=@OLD_CHARACTER_SET_RESULTS */;
/*!40101 SET COLLATION_CONNECTION=@OLD_COLLATION_CONNECTION */;
/*!40111 SET SQL_NOTES=@OLD_SQL_NOTES */;

-- Dump completed on 2024-02-11 13:50:19
